Unnamed: 0,Zone,Region,Place,Name,Type,Establishment Year,time needed to visit in hrs,Google review rating,Entrance Fee in INR,Airport with 50km Radius,Weekly Off,Category,DSLR Allowed,Number of google review in lakhs,Best Time to visit,id,region,latitude,longitude,budget_level,culture,adventure,nature,beaches,nightlife,cuisine,wellness,urban,seclusion,Destination Name,Continent,Avg Cost (USD/day),Best Season,Avg Rating,Annual Visitors (M),UNESCO Site,Category_encoded
0.0,Northern,Delhi,Delhi,India Gate,War Memorial,1921.0,0.5,4.6,0.0,Yes,Unknown,Historical,Yes,2.6,Evening,Unknown,Unknown,34.8688613,58.3829448,Unknown,Unknown,Unknown,Unknown,Unknown,Unknown,Unknown,Unknown,Unknown,Unknown,Unknown,Unknown,121.87,Unknown,4.55,4.5,Unknown,307
16.0,Western,Maharastra,Mumbai,Marine Drive,Promenade,1767.5,2.0,4.5,0.0,Yes,Unknown,Scenic,Yes,1.5,Evening,Unknown,Unknown,34.8688613,58.3829448,Unknown,Unknown,Unknown,Unknown,Unknown,Unknown,Unknown,Unknown,Unknown,Unknown,Unknown,Unknown,121.87,Unknown,4.55,4.5,Unknown,431
26.0,Western,Maharastra,Lonavala,Imagicaa,Amusement Park,2013.0,5.0,1.4,1149.0,No,Monday,Recreational,Yes,0.95,All,Unknown,Unknown,34.8688613,58.3829448,Unknown,Unknown,Unknown,Unknown,Unknown,Unknown,Unknown,Unknown,Unknown,Unknown,Unknown,Unknown,121.87,Unknown,4.55,4.5,Unknown,418
27.0,Southern,Karnataka,Bangalore,Bangalore Palace,Palace,1878.0,2.0,4.2,500.0,Yes,Monday,Historical,Yes,0.9,Morning,Unknown,Unknown,34.8688613,58.3829448,Unknown,Unknown,Unknown,Unknown,Unknown,Unknown,Unknown,Unknown,Unknown,Unknown,Unknown,Unknown,121.87,Unknown,4.55,4.5,Unknown,307
32.0,Southern,Telangana,Hyderabad,Charminar,Landmark,1591.0,1.0,4.5,25.0,Yes,Friday,Historical,Yes,2.1,Morning,Unknown,Unknown,34.8688613,58.3829448,Unknown,Unknown,Unknown,Unknown,Unknown,Unknown,Unknown,Unknown,Unknown,Unknown,Unknown,Unknown,121.87,Unknown,4.55,4.5,Unknown,307
42.0,Eastern,West Bengal,Kolkata,Victoria Memorial,Museum,1921.0,1.5,4.6,30.0,Yes,Monday,Historical,Yes,0.73,Morning,Unknown,Unknown,34.8688613,58.3829448,Unknown,Unknown,Unknown,Unknown,Unknown,Unknown,Unknown,Unknown,Unknown,Unknown,Unknown,Unknown,121.87,Unknown,4.55,4.5,Unknown,307
52.0,Southern,Goa,Goa,Calangute Beach,Beach,1767.5,2.0,4.4,0.0,Yes,Unknown,Scenic,Yes,0.26,Evening,Unknown,Unknown,34.8688613,58.3829448,Unknown,Unknown,Unknown,Unknown,Unknown,Unknown,Unknown,Unknown,Unknown,Unknown,Unknown,Unknown,121.87,Unknown,4.55,4.5,Unknown,431
66.0,Western,Gujarat,Ahmedabad,Sabarmati Ashram,Historical,1915.0,1.5,4.6,0.0,Yes,Unknown,Historical,Yes,0.35,Morning,Unknown,Unknown,34.8688613,58.3829448,Unknown,Unknown,Unknown,Unknown,Unknown,Unknown,Unknown,Unknown,Unknown,Unknown,Unknown,Unknown,121.87,Unknown,4.55,4.5,Unknown,307
67.0,Western,Gujarat,Dwarka,Dwarkadhish Temple,Temple,400.0,2.0,4.7,0.0,No,Unknown,Religious,No,0.59,Evening,Unknown,Unknown,34.8688613,58.3829448,Unknown,Unknown,Unknown,Unknown,Unknown,Unknown,Unknown,Unknown,Unknown,Unknown,Unknown,Unknown,121.87,Unknown,4.55,4.5,Unknown,420
68.0,Western,Gujarat,Junagadh,Gir National Park,National Park,1965.0,3.0,4.5,3500.0,No,Unknown,Wildlife,Yes,0.08,Morning,Unknown,Unknown,34.8688613,58.3829448,Unknown,Unknown,Unknown,Unknown,Unknown,Unknown,Unknown,Unknown,Unknown,Unknown,Unknown,Unknown,121.87,Unknown,4.55,4.5,Unknown,558
69.0,Western,Gujarat,Bhuj,White Desert,Site,1950.0,2.5,4.6,0.0,Yes,Unknown,Nature,Yes,0.12,Evening,Unknown,Unknown,34.8688613,58.3829448,Unknown,Unknown,Unknown,Unknown,Unknown,Unknown,Unknown,Unknown,Unknown,Unknown,Unknown,Unknown,121.87,Unknown,4.55,4.5,Unknown,389
70.0,Western,Gujarat,Vadodara,Laxmi Vilas Palace,Palace,1890.0,2.0,4.4,200.0,Yes,Monday,Historical,Yes,0.17,Afternoon,Unknown,Unknown,34.8688613,58.3829448,Unknown,Unknown,Unknown,Unknown,Unknown,Unknown,Unknown,Unknown,Unknown,Unknown,Unknown,Unknown,121.87,Unknown,4.55,4.5,Unknown,307
71.0,Western,Gujarat,Somnath,Somnath Temple,Temple,1951.0,2.0,4.8,0.0,No,Unknown,Religious,No,0.39,Morning,Unknown,Unknown,34.8688613,58.3829448,Unknown,Unknown,Unknown,Unknown,Unknown,Unknown,Unknown,Unknown,Unknown,Unknown,Unknown,Unknown,121.87,Unknown,4.55,4.5,Unknown,420
72.0,Western,Gujarat,Rann of Kutch,Rann Utsav,Cultural,1767.5,3.0,4.9,7500.0,Yes,Unknown,Cultural,Yes,0.1,Evening,Unknown,Unknown,34.8688613,58.3829448,Unknown,Unknown,Unknown,Unknown,Unknown,Unknown,Unknown,Unknown,Unknown,Unknown,Unknown,Unknown,121.87,Unknown,4.55,4.5,Unknown,252
73.0,Western,Gujarat,Kevadia,Statue of Unity,Monument,2018.0,3.0,4.6,350.0,No,Monday,Historical,Yes,0.67,All,Unknown,Unknown,34.8688613,58.3829448,Unknown,Unknown,Unknown,Unknown,Unknown,Unknown,Unknown,Unknown,Unknown,Unknown,Unknown,Unknown,121.87,Unknown,4.55,4.5,Unknown,307
74.0,Western,Gujarat,Gandhinagar,Dandi Kutir,Museum,2013.0,1.5,4.5,0.0,No,Unknown,Historical,Yes,0.05,All,Unknown,Unknown,34.8688613,58.3829448,Unknown,Unknown,Unknown,Unknown,Unknown,Unknown,Unknown,Unknown,Unknown,Unknown,Unknown,Unknown,121.87,Unknown,4.55,4.5,Unknown,307
79.0,Northern,Rajasthan,Jaipur,Hawa Mahal,Palace,1799.0,1.0,4.4,50.0,Yes,Unknown,Architectural,Yes,1.3,Morning,Unknown,Unknown,34.8688613,58.3829448,Unknown,Unknown,Unknown,Unknown,Unknown,Unknown,Unknown,Unknown,Unknown,Unknown,Unknown,Unknown,121.87,Unknown,4.55,4.5,Unknown,84
80.0,Northern,Rajasthan,Udaipur,City Palace,Palace,1559.0,2.0,4.4,300.0,Yes,Unknown,Historical,Yes,0.51,All,Unknown,Unknown,34.8688613,58.3829448,Unknown,Unknown,Unknown,Unknown,Unknown,Unknown,Unknown,Unknown,Unknown,Unknown,Unknown,Unknown,121.87,Unknown,4.55,4.5,Unknown,307
81.0,Northern,Rajasthan,Jaisalmer,Jaisalmer Fort,Fort,1156.0,2.5,4.4,50.0,No,Unknown,Historical,Yes,0.56,All,Unknown,Unknown,34.8688613,58.3829448,Unknown,Unknown,Unknown,Unknown,Unknown,Unknown,Unknown,Unknown,Unknown,Unknown,Unknown,Unknown,121.87,Unknown,4.55,4.5,Unknown,307
82.0,Northern,Rajasthan,Sawai Madhopur,Ranthambore National Park,Wildlife Sanctuary,1980.0,3.0,4.6,500.0,No,Unknown,Wildlife,Yes,0.09,All,Unknown,Unknown,34.8688613,58.3829448,Unknown,Unknown,Unknown,Unknown,Unknown,Unknown,Unknown,Unknown,Unknown,Unknown,Unknown,Unknown,121.87,Unknown,4.55,4.5,Unknown,558
83.0,Northern,Rajasthan,Pushkar,Pushkar Lake,Temple,1400.0,1.5,4.4,0.0,No,Unknown,Religious,Yes,1.6,All,Unknown,Unknown,34.8688613,58.3829448,Unknown,Unknown,Unknown,Unknown,Unknown,Unknown,Unknown,Unknown,Unknown,Unknown,Unknown,Unknown,121.87,Unknown,4.55,4.5,Unknown,420
84.0,Northern,Rajasthan,Ajmer,Ajmer Sharif Dargah,Shrine,1236.0,1.0,4.6,0.0,Yes,Unknown,Religious,No,0.35,All,Unknown,Unknown,34.8688613,58.3829448,Unknown,Unknown,Unknown,Unknown,Unknown,Unknown,Unknown,Unknown,Unknown,Unknown,Unknown,Unknown,121.87,Unknown,4.55,4.5,Unknown,420
85.0,Northern,Rajasthan,Jodhpur,Mehrangarh Fort,Fort,1459.0,2.0,4.6,100.0,Yes,Unknown,Historical,Yes,0.64,All,Unknown,Unknown,34.8688613,58.3829448,Unknown,Unknown,Unknown,Unknown,Unknown,Unknown,Unknown,Unknown,Unknown,Unknown,Unknown,Unknown,121.87,Unknown,4.55,4.5,Unknown,307
86.0,Northern,Rajasthan,Chittorgarh,Chittorgarh Fort,Fort,700.0,2.0,4.6,40.0,No,Unknown,Historical,Yes,1.9,All,Unknown,Unknown,34.8688613,58.3829448,Unknown,Unknown,Unknown,Unknown,Unknown,Unknown,Unknown,Unknown,Unknown,Unknown,Unknown,Unknown,121.87,Unknown,4.55,4.5,Unknown,307
87.0,Northern,Rajasthan,Mount Abu,Dilwara Temples,Temple,1100.0,1.0,4.6,0.0,No,Unknown,Religious,No,0.05,All,Unknown,Unknown,34.8688613,58.3829448,Unknown,Unknown,Unknown,Unknown,Unknown,Unknown,Unknown,Unknown,Unknown,Unknown,Unknown,Unknown,121.87,Unknown,4.55,4.5,Unknown,420
88.0,Northern,Rajasthan,Bikaner,Junagarh Fort,Fort,1589.0,2.0,4.5,50.0,Yes,Unknown,Historical,Yes,0.32,All,Unknown,Unknown,34.8688613,58.3829448,Unknown,Unknown,Unknown,Unknown,Unknown,Unknown,Unknown,Unknown,Unknown,Unknown,Unknown,Unknown,121.87,Unknown,4.55,4.5,Unknown,307
92.0,Northern,Punjab,Amritsar,Golden Temple (Harmandir Sahib),Religious Site,1604.0,1.5,4.9,0.0,Yes,Unknown,Spiritual,Yes,1.9,All,Unknown,Unknown,34.8688613,58.3829448,Unknown,Unknown,Unknown,Unknown,Unknown,Unknown,Unknown,Unknown,Unknown,Unknown,Unknown,Unknown,121.87,Unknown,4.55,4.5,Unknown,445
95.0,Northern,Punjab,Chandigarh,Rock Garden,Sculpture Garden,1976.0,2.0,4.5,30.0,Yes,Unknown,Artistic,Yes,0.5,All,Unknown,Unknown,34.8688613,58.3829448,Unknown,Unknown,Unknown,Unknown,Unknown,Unknown,Unknown,Unknown,Unknown,Unknown,Unknown,Unknown,121.87,Unknown,4.55,4.5,Unknown,85
96.0,Southern,Kerala,Alappuzha,Alappuzha Beach,Beach,1767.5,1.5,4.5,0.0,Yes,Unknown,Recreational,Yes,0.11,All,Unknown,Unknown,34.8688613,58.3829448,Unknown,Unknown,Unknown,Unknown,Unknown,Unknown,Unknown,Unknown,Unknown,Unknown,Unknown,Unknown,121.87,Unknown,4.55,4.5,Unknown,418
97.0,Southern,Kerala,Munnar,Munnar Tea Gardens,Scenic Area,1767.5,2.0,4.3,0.0,No,Unknown,Nature,Yes,0.3,All,Unknown,Unknown,34.8688613,58.3829448,Unknown,Unknown,Unknown,Unknown,Unknown,Unknown,Unknown,Unknown,Unknown,Unknown,Unknown,Unknown,121.87,Unknown,4.55,4.5,Unknown,389
98.0,Southern,Kerala,Kochi,Fort Kochi,Site,1503.0,1.0,4.4,0.0,Yes,Unknown,Historical,Yes,0.1,All,Unknown,Unknown,34.8688613,58.3829448,Unknown,Unknown,Unknown,Unknown,Unknown,Unknown,Unknown,Unknown,Unknown,Unknown,Unknown,Unknown,121.87,Unknown,4.55,4.5,Unknown,307
99.0,Southern,Kerala,Thiruvananthapuram,Padmanabhaswamy Temple,Temple,1767.5,1.0,4.7,0.0,Yes,Unknown,Religious,No,0.46,All,Unknown,Unknown,34.8688613,58.3829448,Unknown,Unknown,Unknown,Unknown,Unknown,Unknown,Unknown,Unknown,Unknown,Unknown,Unknown,Unknown,121.87,Unknown,4.55,4.5,Unknown,420
100.0,Southern,Kerala,Kozhikode,Kozhikode Beach,Beach,1767.5,1.5,3.9,0.0,Yes,Unknown,Recreational,Yes,0.059,All,Unknown,Unknown,34.8688613,58.3829448,Unknown,Unknown,Unknown,Unknown,Unknown,Unknown,Unknown,Unknown,Unknown,Unknown,Unknown,Unknown,121.87,Unknown,4.55,4.5,Unknown,418
101.0,Southern,Kerala,Wayanad,Wayanad Wildlife Sanctuary,Wildlife Sanctuary,1767.5,3.0,4.5,300.0,No,Unknown,Wildlife,Yes,2.2,All,Unknown,Unknown,34.8688613,58.3829448,Unknown,Unknown,Unknown,Unknown,Unknown,Unknown,Unknown,Unknown,Unknown,Unknown,Unknown,Unknown,121.87,Unknown,4.55,4.5,Unknown,558
102.0,Southern,Kerala,Thekkady,Periyar National Park,National Park,1982.0,3.0,4.3,50.0,No,Unknown,Wildlife,Yes,0.14,All,Unknown,Unknown,34.8688613,58.3829448,Unknown,Unknown,Unknown,Unknown,Unknown,Unknown,Unknown,Unknown,Unknown,Unknown,Unknown,Unknown,121.87,Unknown,4.55,4.5,Unknown,558
103.0,Southern,Kerala,Kumarakom,Kumarakom Bird Sanctuary,Bird Sanctuary,1972.0,2.0,3.8,50.0,Yes,Unknown,Wildlife,Yes,0.1,All,Unknown,Unknown,34.8688613,58.3829448,Unknown,Unknown,Unknown,Unknown,Unknown,Unknown,Unknown,Unknown,Unknown,Unknown,Unknown,Unknown,121.87,Unknown,4.55,4.5,Unknown,558
104.0,Southern,Kerala,Varkala,Varkala Beach,Beach,1767.5,2.0,4.6,0.0,Yes,Unknown,Recreational,Yes,0.1,All,Unknown,Unknown,34.8688613,58.3829448,Unknown,Unknown,Unknown,Unknown,Unknown,Unknown,Unknown,Unknown,Unknown,Unknown,Unknown,Unknown,121.87,Unknown,4.55,4.5,Unknown,418
105.0,Southern,Kerala,Bekal,Bekal Fort,Fort,1650.0,1.5,4.5,20.0,No,Unknown,Historical,Yes,0.22,All,Unknown,Unknown,34.8688613,58.3829448,Unknown,Unknown,Unknown,Unknown,Unknown,Unknown,Unknown,Unknown,Unknown,Unknown,Unknown,Unknown,121.87,Unknown,4.55,4.5,Unknown,307
106.0,Southern,Kerala,Kovalam,Kovalam Beach,Beach,1767.5,2.0,4.4,0.0,Yes,Unknown,Recreational,Yes,0.68,All,Unknown,Unknown,34.8688613,58.3829448,Unknown,Unknown,Unknown,Unknown,Unknown,Unknown,Unknown,Unknown,Unknown,Unknown,Unknown,Unknown,121.87,Unknown,4.55,4.5,Unknown,418
107.0,Southern,Kerala,Kannur,St. Angelo Fort,Fort,1505.0,1.0,4.4,20.0,Yes,Unknown,Historical,Yes,0.11,All,Unknown,Unknown,34.8688613,58.3829448,Unknown,Unknown,Unknown,Unknown,Unknown,Unknown,Unknown,Unknown,Unknown,Unknown,Unknown,Unknown,121.87,Unknown,4.55,4.5,Unknown,307
108.0,Southern,Kerala,Nelliyampathy,Seethargundu Viewpoint,Viewpoint,1767.5,1.0,4.5,0.0,No,Unknown,Nature,Yes,0.03,Morning,Unknown,Unknown,34.8688613,58.3829448,Unknown,Unknown,Unknown,Unknown,Unknown,Unknown,Unknown,Unknown,Unknown,Unknown,Unknown,Unknown,121.87,Unknown,4.55,4.5,Unknown,389
111.0,Southern,Karnataka,Mysore,Mysore Palace,Palace,1912.0,2.0,4.6,50.0,Yes,Unknown,Historical,Yes,2.5,All,Unknown,Unknown,34.8688613,58.3829448,Unknown,Unknown,Unknown,Unknown,Unknown,Unknown,Unknown,Unknown,Unknown,Unknown,Unknown,Unknown,121.87,Unknown,4.55,4.5,Unknown,307
112.0,Southern,Karnataka,Hampi,Hampi Archaeological Ruins,Site,1767.5,3.0,4.7,0.0,No,Unknown,Historical,Yes,0.05,All,Unknown,Unknown,34.8688613,58.3829448,Unknown,Unknown,Unknown,Unknown,Unknown,Unknown,Unknown,Unknown,Unknown,Unknown,Unknown,Unknown,121.87,Unknown,4.55,4.5,Unknown,307
113.0,Southern,Karnataka,Coorg,Abbey Falls,Waterfall,1767.5,1.0,4.1,0.0,No,Unknown,Nature,Yes,0.03,Morning,Unknown,Unknown,34.8688613,58.3829448,Unknown,Unknown,Unknown,Unknown,Unknown,Unknown,Unknown,Unknown,Unknown,Unknown,Unknown,Unknown,121.87,Unknown,4.55,4.5,Unknown,389
114.0,Southern,Karnataka,Gokarna,Om Beach,Beach,1767.5,2.0,4.5,0.0,No,Unknown,Nature,Yes,0.09,All,Unknown,Unknown,34.8688613,58.3829448,Unknown,Unknown,Unknown,Unknown,Unknown,Unknown,Unknown,Unknown,Unknown,Unknown,Unknown,Unknown,121.87,Unknown,4.55,4.5,Unknown,389
115.0,Southern,Karnataka,Chikmagalur,Mullayanagiri,Mountain Peak,1767.5,3.0,4.5,0.0,No,Unknown,Nature,Yes,0.05,All,Unknown,Unknown,34.8688613,58.3829448,Unknown,Unknown,Unknown,Unknown,Unknown,Unknown,Unknown,Unknown,Unknown,Unknown,Unknown,Unknown,121.87,Unknown,4.55,4.5,Unknown,389
116.0,Southern,Karnataka,Badami,Badami Cave Temples,Cave,600.0,1.5,4.6,30.0,No,Unknown,Religious,No,0.2,All,Unknown,Unknown,34.8688613,58.3829448,Unknown,Unknown,Unknown,Unknown,Unknown,Unknown,Unknown,Unknown,Unknown,Unknown,Unknown,Unknown,121.87,Unknown,4.55,4.5,Unknown,420
117.0,Southern,Karnataka,Shivamogga,Jog Falls,Waterfall,1900.0,1.5,4.6,30.0,No,Unknown,Nature,Yes,0.23,Morning,Unknown,Unknown,34.8688613,58.3829448,Unknown,Unknown,Unknown,Unknown,Unknown,Unknown,Unknown,Unknown,Unknown,Unknown,Unknown,Unknown,121.87,Unknown,4.55,4.5,Unknown,389
118.0,Southern,Karnataka,Mangalore,Panambur Beach,Beach,1767.5,1.5,4.5,0.0,Yes,Unknown,Recreational,Yes,0.1,All,Unknown,Unknown,34.8688613,58.3829448,Unknown,Unknown,Unknown,Unknown,Unknown,Unknown,Unknown,Unknown,Unknown,Unknown,Unknown,Unknown,121.87,Unknown,4.55,4.5,Unknown,418
119.0,Southern,Karnataka,Murudeshwar,Murudeshwar Temple,Temple,1767.5,1.0,4.7,0.0,Yes,Unknown,Religious,No,0.49,All,Unknown,Unknown,34.8688613,58.3829448,Unknown,Unknown,Unknown,Unknown,Unknown,Unknown,Unknown,Unknown,Unknown,Unknown,Unknown,Unknown,121.87,Unknown,4.55,4.5,Unknown,420
120.0,Southern,Karnataka,Bijapur,Gol Gumbaz,Mausoleum,1656.0,1.5,4.5,20.0,No,Unknown,Historical,Yes,0.25,All,Unknown,Unknown,34.8688613,58.3829448,Unknown,Unknown,Unknown,Unknown,Unknown,Unknown,Unknown,Unknown,Unknown,Unknown,Unknown,Unknown,121.87,Unknown,4.55,4.5,Unknown,307
121.0,Southern,Karnataka,Bandipur,Bandipur National Park,National Park,1974.0,3.0,4.4,300.0,No,Unknown,Wildlife,Yes,0.15,Morning,Unknown,Unknown,34.8688613,58.3829448,Unknown,Unknown,Unknown,Unknown,Unknown,Unknown,Unknown,Unknown,Unknown,Unknown,Unknown,Unknown,121.87,Unknown,4.55,4.5,Unknown,558
122.0,Southern,Karnataka,Halebidu,Halebidu Hoysaleswara Temple,Temple,1121.0,1.0,4.7,15.0,No,Unknown,Religious,No,0.11,All,Unknown,Unknown,34.8688613,58.3829448,Unknown,Unknown,Unknown,Unknown,Unknown,Unknown,Unknown,Unknown,Unknown,Unknown,Unknown,Unknown,121.87,Unknown,4.55,4.5,Unknown,420
123.0,Western,Maharastra,Pune,Shaniwar Wada,Fort,1732.0,2.0,4.4,50.0,Yes,Unknown,Historical,Yes,1.2,All,Unknown,Unknown,34.8688613,58.3829448,Unknown,Unknown,Unknown,Unknown,Unknown,Unknown,Unknown,Unknown,Unknown,Unknown,Unknown,Unknown,121.87,Unknown,4.55,4.5,Unknown,307
124.0,Western,Maharastra,Aurangabad,Ajanta Caves,Cave,200.0,3.0,4.6,30.0,Yes,Monday,Historical,Yes,0.21,Afternoon,Unknown,Unknown,34.8688613,58.3829448,Unknown,Unknown,Unknown,Unknown,Unknown,Unknown,Unknown,Unknown,Unknown,Unknown,Unknown,Unknown,121.87,Unknown,4.55,4.5,Unknown,307
125.0,Western,Maharastra,Nashik,Sula Vineyards,Vineyard,1999.0,2.0,4.1,300.0,Yes,Unknown,Recreational,Yes,0.1,Afternoon,Unknown,Unknown,34.8688613,58.3829448,Unknown,Unknown,Unknown,Unknown,Unknown,Unknown,Unknown,Unknown,Unknown,Unknown,Unknown,Unknown,121.87,Unknown,4.55,4.5,Unknown,418
126.0,Western,Maharastra,Shirdi,Sai Baba Temple,Temple,1922.0,1.5,4.7,0.0,Yes,Unknown,Religious,No,0.69,All,Unknown,Unknown,34.8688613,58.3829448,Unknown,Unknown,Unknown,Unknown,Unknown,Unknown,Unknown,Unknown,Unknown,Unknown,Unknown,Unknown,121.87,Unknown,4.55,4.5,Unknown,420
127.0,Western,Maharastra,Alibaug,Alibaug Beach,Beach,1767.5,1.5,4.2,0.0,Yes,Unknown,Recreational,Yes,0.05,Evening,Unknown,Unknown,34.8688613,58.3829448,Unknown,Unknown,Unknown,Unknown,Unknown,Unknown,Unknown,Unknown,Unknown,Unknown,Unknown,Unknown,121.87,Unknown,4.55,4.5,Unknown,418
128.0,Western,Maharastra,Ratnagiri,Ganapatipule Temple,Temple,1600.0,1.0,4.7,0.0,No,Unknown,Religious,No,0.1,All,Unknown,Unknown,34.8688613,58.3829448,Unknown,Unknown,Unknown,Unknown,Unknown,Unknown,Unknown,Unknown,Unknown,Unknown,Unknown,Unknown,121.87,Unknown,4.55,4.5,Unknown,420
129.0,Western,Maharastra,Nagpur,Deekshabhoomi,Monument,2001.0,1.0,4.5,0.0,Yes,Unknown,Religious,Yes,0.11,Afternoon,Unknown,Unknown,34.8688613,58.3829448,Unknown,Unknown,Unknown,Unknown,Unknown,Unknown,Unknown,Unknown,Unknown,Unknown,Unknown,Unknown,121.87,Unknown,4.55,4.5,Unknown,420
130.0,Western,Maharastra,Kolhapur,Mahalakshmi Temple,Temple,700.0,1.0,4.8,0.0,Yes,Unknown,Religious,No,0.9,All,Unknown,Unknown,34.8688613,58.3829448,Unknown,Unknown,Unknown,Unknown,Unknown,Unknown,Unknown,Unknown,Unknown,Unknown,Unknown,Unknown,121.87,Unknown,4.55,4.5,Unknown,420
132.0,Western,Maharashtra,Tarkarli,Tarkarli Beach,Beach,1767.5,2.0,4.6,0.0,No,Unknown,Recreational,Yes,0.065,Evening,Unknown,Unknown,34.8688613,58.3829448,Unknown,Unknown,Unknown,Unknown,Unknown,Unknown,Unknown,Unknown,Unknown,Unknown,Unknown,Unknown,121.87,Unknown,4.55,4.5,Unknown,418
133.0,Western,Maharashtra,Satara,Kaas Plateau,Valley,1767.5,2.0,4.4,300.0,No,Unknown,Nature,Yes,0.05,Afternoon,Unknown,Unknown,34.8688613,58.3829448,Unknown,Unknown,Unknown,Unknown,Unknown,Unknown,Unknown,Unknown,Unknown,Unknown,Unknown,Unknown,121.87,Unknown,4.55,4.5,Unknown,389
134.0,Western,Maharashtra,Matheran,Echo Point,Viewpoint,1828.0,1.5,4.4,0.0,Yes,Unknown,Nature,Yes,0.02,Morning,Unknown,Unknown,34.8688613,58.3829448,Unknown,Unknown,Unknown,Unknown,Unknown,Unknown,Unknown,Unknown,Unknown,Unknown,Unknown,Unknown,121.87,Unknown,4.55,4.5,Unknown,389
135.0,Western,Maharashtra,Ajanta,Ellora Caves,Cave,600.0,3.0,4.7,30.0,Yes,Tuesday,Historical,Yes,0.49,Afternoon,Unknown,Unknown,34.8688613,58.3829448,Unknown,Unknown,Unknown,Unknown,Unknown,Unknown,Unknown,Unknown,Unknown,Unknown,Unknown,Unknown,121.87,Unknown,4.55,4.5,Unknown,307
136.0,Central,Madhya Pradesh,Khajuraho,Khajuraho Group of Monuments,Temples,850.0,2.0,4.7,40.0,No,Unknown,Cultural,Yes,0.09,Afternoon,Unknown,Unknown,34.8688613,58.3829448,Unknown,Unknown,Unknown,Unknown,Unknown,Unknown,Unknown,Unknown,Unknown,Unknown,Unknown,Unknown,121.87,Unknown,4.55,4.5,Unknown,252
137.0,Central,Madhya Pradesh,Bhopal,Sanchi Stupa,Monument,300.0,1.5,4.7,30.0,Yes,Unknown,Historical,Yes,0.01,Afternoon,Unknown,Unknown,34.8688613,58.3829448,Unknown,Unknown,Unknown,Unknown,Unknown,Unknown,Unknown,Unknown,Unknown,Unknown,Unknown,Unknown,121.87,Unknown,4.55,4.5,Unknown,307
138.0,Central,Madhya Pradesh,Indore,Rajwada Palace,Palace,1747.0,1.0,4.4,10.0,Yes,Unknown,Historical,Yes,0.63,Afternoon,Unknown,Unknown,34.8688613,58.3829448,Unknown,Unknown,Unknown,Unknown,Unknown,Unknown,Unknown,Unknown,Unknown,Unknown,Unknown,Unknown,121.87,Unknown,4.55,4.5,Unknown,307
139.0,Central,Madhya Pradesh,Gwalior,Gwalior Fort,Fort,900.0,2.5,4.5,75.0,Yes,Unknown,Historical,Yes,0.4,Morning,Unknown,Unknown,34.8688613,58.3829448,Unknown,Unknown,Unknown,Unknown,Unknown,Unknown,Unknown,Unknown,Unknown,Unknown,Unknown,Unknown,121.87,Unknown,4.55,4.5,Unknown,307
140.0,Central,Madhya Pradesh,Ujjain,Mahakaleshwar Jyotirlinga,Temple,3500.0,1.5,4.8,0.0,Yes,Unknown,Religious,No,1.2,All,Unknown,Unknown,34.8688613,58.3829448,Unknown,Unknown,Unknown,Unknown,Unknown,Unknown,Unknown,Unknown,Unknown,Unknown,Unknown,Unknown,121.87,Unknown,4.55,4.5,Unknown,420
141.0,Central,Madhya Pradesh,Jabalpur,Dhuandhar Falls,Waterfall,1767.5,1.0,4.5,0.0,No,Unknown,Nature,Yes,0.01,Morning,Unknown,Unknown,34.8688613,58.3829448,Unknown,Unknown,Unknown,Unknown,Unknown,Unknown,Unknown,Unknown,Unknown,Unknown,Unknown,Unknown,121.87,Unknown,4.55,4.5,Unknown,389
142.0,Central,Madhya Pradesh,Pachmarhi,Bee Falls,Waterfall,1767.5,1.5,4.6,15.0,No,Unknown,Nature,Yes,0.065,Morning,Unknown,Unknown,34.8688613,58.3829448,Unknown,Unknown,Unknown,Unknown,Unknown,Unknown,Unknown,Unknown,Unknown,Unknown,Unknown,Unknown,121.87,Unknown,4.55,4.5,Unknown,389
143.0,Central,Madhya Pradesh,Kanha,Kanha National Park,Wildlife Sanctuary,1955.0,3.0,4.5,100.0,No,Unknown,Wildlife,Yes,0.1,Morning,Unknown,Unknown,34.8688613,58.3829448,Unknown,Unknown,Unknown,Unknown,Unknown,Unknown,Unknown,Unknown,Unknown,Unknown,Unknown,Unknown,121.87,Unknown,4.55,4.5,Unknown,558
144.0,Central,Madhya Pradesh,Bandhavgarh,Bandhavgarh National Park,National Park,1968.0,3.0,4.5,50.0,No,Unknown,Wildlife,Yes,0.05,Morning,Unknown,Unknown,34.8688613,58.3829448,Unknown,Unknown,Unknown,Unknown,Unknown,Unknown,Unknown,Unknown,Unknown,Unknown,Unknown,Unknown,121.87,Unknown,4.55,4.5,Unknown,558
145.0,Central,Madhya Pradesh,Orchha,Orchha Fort,Fort,1500.0,1.5,4.8,10.0,No,Unknown,Historical,Yes,0.1,Afternoon,Unknown,Unknown,34.8688613,58.3829448,Unknown,Unknown,Unknown,Unknown,Unknown,Unknown,Unknown,Unknown,Unknown,Unknown,Unknown,Unknown,121.87,Unknown,4.55,4.5,Unknown,307
146.0,Central,Madhya Pradesh,Mandu,Jahaz Mahal,Site,1500.0,1.0,3.9,50.0,No,Unknown,Historical,Yes,0.03,Afternoon,Unknown,Unknown,34.8688613,58.3829448,Unknown,Unknown,Unknown,Unknown,Unknown,Unknown,Unknown,Unknown,Unknown,Unknown,Unknown,Unknown,121.87,Unknown,4.55,4.5,Unknown,307
147.0,Central,Madhya Pradesh,Bhimbetka,Bhimbetka Rock Shelters,Prehistoric Site,1958.0,2.0,4.6,25.0,No,Unknown,Archaeological,Yes,0.07,Afternoon,Unknown,Unknown,34.8688613,58.3829448,Unknown,Unknown,Unknown,Unknown,Unknown,Unknown,Unknown,Unknown,Unknown,Unknown,Unknown,Unknown,121.87,Unknown,4.55,4.5,Unknown,83
148.0,Central,Madhya Pradesh,Amarkantak,Narmada Udgam Temple,Temple,1200.0,1.0,4.4,0.0,No,Unknown,Religious,Yes,0.01,All,Unknown,Unknown,34.8688613,58.3829448,Unknown,Unknown,Unknown,Unknown,Unknown,Unknown,Unknown,Unknown,Unknown,Unknown,Unknown,Unknown,121.87,Unknown,4.55,4.5,Unknown,420
149.0,Central,Madhya Pradesh,Chitrakoot,Chitrakoot Falls,Waterfall,1767.5,1.5,4.4,0.0,No,Unknown,Nature,Yes,0.1,Morning,Unknown,Unknown,34.8688613,58.3829448,Unknown,Unknown,Unknown,Unknown,Unknown,Unknown,Unknown,Unknown,Unknown,Unknown,Unknown,Unknown,121.87,Unknown,4.55,4.5,Unknown,389
150.0,Northern,Himachal Pradesh,Shimla,The Ridge,Scenic Point,1767.5,1.0,4.7,0.0,Yes,Unknown,Recreational,Yes,0.03,Morning,Unknown,Unknown,34.8688613,58.3829448,Unknown,Unknown,Unknown,Unknown,Unknown,Unknown,Unknown,Unknown,Unknown,Unknown,Unknown,Unknown,121.87,Unknown,4.55,4.5,Unknown,418
151.0,Northern,Himachal Pradesh,Manali,Solang Valley,Valley,1767.5,2.0,4.1,0.0,No,Unknown,Adventure,Yes,0.05,Morning,Unknown,Unknown,34.8688613,58.3829448,Unknown,Unknown,Unknown,Unknown,Unknown,Unknown,Unknown,Unknown,Unknown,Unknown,Unknown,Unknown,121.87,Unknown,4.55,4.5,Unknown,73
152.0,Northern,Himachal Pradesh,dalhousie,Dalai Lama Temple,Temple,1959.0,1.5,4.7,0.0,Yes,Unknown,Religious,No,0.15,All,Unknown,Unknown,34.8688613,58.3829448,Unknown,Unknown,Unknown,Unknown,Unknown,Unknown,Unknown,Unknown,Unknown,Unknown,Unknown,Unknown,121.87,Unknown,4.55,4.5,Unknown,420
153.0,Northern,Himachal Pradesh,Dalhousie,Khajjiar Lake,Lake,1767.5,1.5,4.5,0.0,No,Unknown,Nature,Yes,0.1,Morning,Unknown,Unknown,34.8688613,58.3829448,Unknown,Unknown,Unknown,Unknown,Unknown,Unknown,Unknown,Unknown,Unknown,Unknown,Unknown,Unknown,121.87,Unknown,4.55,4.5,Unknown,389
154.0,Northern,Himachal Pradesh,Spiti Valley,Key Monastery,Monastery,1100.0,1.0,4.8,0.0,No,Unknown,Religious,Yes,0.025,Morning,Unknown,Unknown,34.8688613,58.3829448,Unknown,Unknown,Unknown,Unknown,Unknown,Unknown,Unknown,Unknown,Unknown,Unknown,Unknown,Unknown,121.87,Unknown,4.55,4.5,Unknown,420
155.0,Northern,Himachal Pradesh,Kullu,Great Himalayan National Park,National Park,1984.0,3.0,4.5,50.0,No,Unknown,Wildlife,Yes,0.2,All,Unknown,Unknown,34.8688613,58.3829448,Unknown,Unknown,Unknown,Unknown,Unknown,Unknown,Unknown,Unknown,Unknown,Unknown,Unknown,Unknown,121.87,Unknown,4.55,4.5,Unknown,558
156.0,Northern,Himachal Pradesh,Chamba,Chamera Lake,Lake,1767.5,2.0,4.4,0.0,No,Unknown,Recreational,Yes,0.01,Morning,Unknown,Unknown,34.8688613,58.3829448,Unknown,Unknown,Unknown,Unknown,Unknown,Unknown,Unknown,Unknown,Unknown,Unknown,Unknown,Unknown,121.87,Unknown,4.55,4.5,Unknown,418
157.0,Northern,Himachal Pradesh,Kinnaur,Sangla Valley,Valley,1767.5,2.0,4.5,0.0,No,Unknown,Nature,Yes,0.01,Morning,Unknown,Unknown,34.8688613,58.3829448,Unknown,Unknown,Unknown,Unknown,Unknown,Unknown,Unknown,Unknown,Unknown,Unknown,Unknown,Unknown,121.87,Unknown,4.55,4.5,Unknown,389
158.0,Northern,Himachal Pradesh,Kangra,Kangra Fort,Fort,400.0,2.0,4.4,150.0,Yes,Unknown,Historical,Yes,0.1,All,Unknown,Unknown,34.8688613,58.3829448,Unknown,Unknown,Unknown,Unknown,Unknown,Unknown,Unknown,Unknown,Unknown,Unknown,Unknown,Unknown,121.87,Unknown,4.55,4.5,Unknown,307
159.0,Northern,Himachal Pradesh,Palampur,Tea Gardens,Tea Plantation,1950.0,1.5,4.6,0.0,Yes,Unknown,Agricultural,Yes,0.015,Morning,Unknown,Unknown,34.8688613,58.3829448,Unknown,Unknown,Unknown,Unknown,Unknown,Unknown,Unknown,Unknown,Unknown,Unknown,Unknown,Unknown,121.87,Unknown,4.55,4.5,Unknown,74
160.0,Northern,Himachal Pradesh,Mandi,Prashar Lake,Lake,1400.0,1.5,4.6,0.0,No,Unknown,Nature,Yes,0.01,Morning,Unknown,Unknown,34.8688613,58.3829448,Unknown,Unknown,Unknown,Unknown,Unknown,Unknown,Unknown,Unknown,Unknown,Unknown,Unknown,Unknown,121.87,Unknown,4.55,4.5,Unknown,389
161.0,Northern,Himachal Pradesh,Bir Billing,Paragliding Site,Adventure Sport,2005.0,2.0,4.8,2500.0,No,Unknown,Adventure,Yes,0.01,All,Unknown,Unknown,34.8688613,58.3829448,Unknown,Unknown,Unknown,Unknown,Unknown,Unknown,Unknown,Unknown,Unknown,Unknown,Unknown,Unknown,121.87,Unknown,4.55,4.5,Unknown,73
162.0,Northern,Himachal Pradesh,McLeod Ganj,Triund Trek,Trekking,1767.5,5.0,4.8,0.0,Yes,Unknown,Adventure,Yes,0.01,Morning,Unknown,Unknown,34.8688613,58.3829448,Unknown,Unknown,Unknown,Unknown,Unknown,Unknown,Unknown,Unknown,Unknown,Unknown,Unknown,Unknown,121.87,Unknown,4.55,4.5,Unknown,73
163.0,Northern,Himachal Pradesh,Manikaran,Manikaran Sahib,Gurudwara,1980.0,1.0,4.6,0.0,No,Unknown,Religious,Yes,1.3,Morning,Unknown,Unknown,34.8688613,58.3829448,Unknown,Unknown,Unknown,Unknown,Unknown,Unknown,Unknown,Unknown,Unknown,Unknown,Unknown,Unknown,121.87,Unknown,4.55,4.5,Unknown,420
164.0,Northern,Himachal Pradesh,Narkanda,Hatu Peak,Viewpoint,1767.5,2.0,4.5,0.0,Yes,Unknown,Nature,Yes,1.1,All,Unknown,Unknown,34.8688613,58.3829448,Unknown,Unknown,Unknown,Unknown,Unknown,Unknown,Unknown,Unknown,Unknown,Unknown,Unknown,Unknown,121.87,Unknown,4.55,4.5,Unknown,389
165.0,Northern,Himachal Pradesh,Barot,Barot Valley,Valley,1767.5,2.0,4.7,0.0,No,Unknown,Nature,Yes,1.2,Morning,Unknown,Unknown,34.8688613,58.3829448,Unknown,Unknown,Unknown,Unknown,Unknown,Unknown,Unknown,Unknown,Unknown,Unknown,Unknown,Unknown,121.87,Unknown,4.55,4.5,Unknown,389
166.0,Northern,Himachal Pradesh,Shoja,Serolsar Lake,Lake,1767.5,2.5,4.4,0.0,No,Unknown,Nature,Yes,0.9,Morning,Unknown,Unknown,34.8688613,58.3829448,Unknown,Unknown,Unknown,Unknown,Unknown,Unknown,Unknown,Unknown,Unknown,Unknown,Unknown,Unknown,121.87,Unknown,4.55,4.5,Unknown,389
167.0,Northern,Himachal Pradesh,Kufri,Kufri Fun World,Ski Resort,1975.0,5.0,3.8,1500.0,Yes,Unknown,Recreational,Yes,0.1,All,Unknown,Unknown,34.8688613,58.3829448,Unknown,Unknown,Unknown,Unknown,Unknown,Unknown,Unknown,Unknown,Unknown,Unknown,Unknown,Unknown,121.87,Unknown,4.55,4.5,Unknown,418
168.0,Northern,Uttarakhand,Nainital,Naini Lake,Lake,1767.5,1.5,4.2,0.0,Yes,Unknown,Nature,Yes,0.01,Morning,Unknown,Unknown,34.8688613,58.3829448,Unknown,Unknown,Unknown,Unknown,Unknown,Unknown,Unknown,Unknown,Unknown,Unknown,Unknown,Unknown,121.87,Unknown,4.55,4.5,Unknown,389
169.0,Northern,Uttarakhand,Rishikesh,Laxman Jhula,Suspension Bridge,1939.0,1.0,4.4,0.0,Yes,Unknown,Cultural,Yes,0.03,Morning,Unknown,Unknown,34.8688613,58.3829448,Unknown,Unknown,Unknown,Unknown,Unknown,Unknown,Unknown,Unknown,Unknown,Unknown,Unknown,Unknown,121.87,Unknown,4.55,4.5,Unknown,252
170.0,Northern,Uttarakhand,Haridwar,Har Ki Pauri,Ghat,1767.5,1.0,4.5,0.0,Yes,Unknown,Religious,Yes,0.025,All,Unknown,Unknown,34.8688613,58.3829448,Unknown,Unknown,Unknown,Unknown,Unknown,Unknown,Unknown,Unknown,Unknown,Unknown,Unknown,Unknown,121.87,Unknown,4.55,4.5,Unknown,420
171.0,Northern,Uttarakhand,Dehradun,Robber's Cave,Cave,1767.5,1.5,4.5,25.0,Yes,Unknown,Nature,Yes,0.01,Morning,Unknown,Unknown,34.8688613,58.3829448,Unknown,Unknown,Unknown,Unknown,Unknown,Unknown,Unknown,Unknown,Unknown,Unknown,Unknown,Unknown,121.87,Unknown,4.55,4.5,Unknown,389
172.0,Northern,Uttarakhand,Mussoorie,Kempty Falls,Waterfall,1767.5,1.5,4.2,15.0,Yes,Unknown,Nature,Yes,0.55,Morning,Unknown,Unknown,34.8688613,58.3829448,Unknown,Unknown,Unknown,Unknown,Unknown,Unknown,Unknown,Unknown,Unknown,Unknown,Unknown,Unknown,121.87,Unknown,4.55,4.5,Unknown,389
173.0,Northern,Uttarakhand,Auli,Auli Ski Resort,Ski Resort,1990.0,3.0,4.5,0.0,No,Unknown,Adventure,Yes,0.01,Morning,Unknown,Unknown,34.8688613,58.3829448,Unknown,Unknown,Unknown,Unknown,Unknown,Unknown,Unknown,Unknown,Unknown,Unknown,Unknown,Unknown,121.87,Unknown,4.55,4.5,Unknown,73
174.0,Northern,Uttarakhand,Badrinath,Badrinath Temple,Temple,820.0,1.0,4.8,0.0,No,Unknown,Religious,No,0.29,All,Unknown,Unknown,34.8688613,58.3829448,Unknown,Unknown,Unknown,Unknown,Unknown,Unknown,Unknown,Unknown,Unknown,Unknown,Unknown,Unknown,121.87,Unknown,4.55,4.5,Unknown,420
175.0,Northern,Uttarakhand,Almora,Binsar Wildlife Sanctuary,Wildlife Sanctuary,1988.0,2.0,4.3,150.0,No,Unknown,Wildlife,Yes,0.01,All,Unknown,Unknown,34.8688613,58.3829448,Unknown,Unknown,Unknown,Unknown,Unknown,Unknown,Unknown,Unknown,Unknown,Unknown,Unknown,Unknown,121.87,Unknown,4.55,4.5,Unknown,558
176.0,Northern,Uttarakhand,Ranikhet,Chaubatia Gardens,Orchard,1868.0,1.0,4.0,50.0,No,Unknown,Recreational,Yes,0.025,All,Unknown,Unknown,34.8688613,58.3829448,Unknown,Unknown,Unknown,Unknown,Unknown,Unknown,Unknown,Unknown,Unknown,Unknown,Unknown,Unknown,121.87,Unknown,4.55,4.5,Unknown,418
177.0,Northern,Uttarakhand,Jim Corbett,Jim Corbett National Park,National Park,1936.0,3.0,4.4,100.0,Yes,Unknown,Wildlife,Yes,0.3,All,Unknown,Unknown,34.8688613,58.3829448,Unknown,Unknown,Unknown,Unknown,Unknown,Unknown,Unknown,Unknown,Unknown,Unknown,Unknown,Unknown,121.87,Unknown,4.55,4.5,Unknown,558
178.0,Northern,Uttarakhand,Uttarkashi,Gangotri Temple,Temple,1751.0,1.0,4.8,0.0,No,Unknown,Religious,No,0.05,All,Unknown,Unknown,34.8688613,58.3829448,Unknown,Unknown,Unknown,Unknown,Unknown,Unknown,Unknown,Unknown,Unknown,Unknown,Unknown,Unknown,121.87,Unknown,4.55,4.5,Unknown,420
179.0,Northern,Uttarakhand,Chopta,Tungnath Temple,Temple,751.0,2.0,4.8,0.0,No,Unknown,Religious,No,0.09,All,Unknown,Unknown,34.8688613,58.3829448,Unknown,Unknown,Unknown,Unknown,Unknown,Unknown,Unknown,Unknown,Unknown,Unknown,Unknown,Unknown,121.87,Unknown,4.55,4.5,Unknown,420
180.0,Northern,Uttarakhand,Joshimath,Valley of Flowers,National Park,1982.0,5.0,4.7,150.0,No,Unknown,Nature,Yes,0.035,Morning,Unknown,Unknown,34.8688613,58.3829448,Unknown,Unknown,Unknown,Unknown,Unknown,Unknown,Unknown,Unknown,Unknown,Unknown,Unknown,Unknown,121.87,Unknown,4.55,4.5,Unknown,389
181.0,Central,Uttar Pradesh,Agra,Taj Mahal,Mausoleum,1632.0,2.0,4.6,50.0,Yes,Friday,Historical,Yes,2.25,Morning,Unknown,Unknown,34.8688613,58.3829448,Unknown,Unknown,Unknown,Unknown,Unknown,Unknown,Unknown,Unknown,Unknown,Unknown,Unknown,Unknown,121.87,Unknown,4.55,4.5,Unknown,307
182.0,Central,Uttar Pradesh,Varanasi,Kashi Vishwanath Temple,Temple,1767.5,1.0,4.7,0.0,Yes,Unknown,Religious,No,0.9,All,Unknown,Unknown,34.8688613,58.3829448,Unknown,Unknown,Unknown,Unknown,Unknown,Unknown,Unknown,Unknown,Unknown,Unknown,Unknown,Unknown,121.87,Unknown,4.55,4.5,Unknown,420
183.0,Central,Uttar Pradesh,Lucknow,Bara Imambara,Monument,1784.0,1.5,4.4,50.0,Yes,Monday,Historical,No,0.45,All,Unknown,Unknown,34.8688613,58.3829448,Unknown,Unknown,Unknown,Unknown,Unknown,Unknown,Unknown,Unknown,Unknown,Unknown,Unknown,Unknown,121.87,Unknown,4.55,4.5,Unknown,307
184.0,Central,Uttar Pradesh,Mathura,Krishna Janmabhoomi,Temple,1767.5,1.0,4.7,0.0,Yes,Unknown,Religious,No,0.13,All,Unknown,Unknown,34.8688613,58.3829448,Unknown,Unknown,Unknown,Unknown,Unknown,Unknown,Unknown,Unknown,Unknown,Unknown,Unknown,Unknown,121.87,Unknown,4.55,4.5,Unknown,420
185.0,Central,Uttar Pradesh,Ayodhya,Ram Janmabhoomi,Religious Site,1767.5,1.0,4.8,0.0,Yes,Unknown,Religious,No,0.025,All,Unknown,Unknown,34.8688613,58.3829448,Unknown,Unknown,Unknown,Unknown,Unknown,Unknown,Unknown,Unknown,Unknown,Unknown,Unknown,Unknown,121.87,Unknown,4.55,4.5,Unknown,420
186.0,Central,Uttar Pradesh,Vrindavan,Banke Bihari Temple,Temple,1864.0,1.0,4.8,0.0,Yes,Unknown,Religious,No,0.37,All,Unknown,Unknown,34.8688613,58.3829448,Unknown,Unknown,Unknown,Unknown,Unknown,Unknown,Unknown,Unknown,Unknown,Unknown,Unknown,Unknown,121.87,Unknown,4.55,4.5,Unknown,420
187.0,Central,Uttar Pradesh,Allahabad,Triveni Sangam,Confluence,1767.5,1.0,4.5,0.0,Yes,Unknown,Religious,Yes,0.09,Morning,Unknown,Unknown,34.8688613,58.3829448,Unknown,Unknown,Unknown,Unknown,Unknown,Unknown,Unknown,Unknown,Unknown,Unknown,Unknown,Unknown,121.87,Unknown,4.55,4.5,Unknown,420
188.0,Central,Uttar Pradesh,Jhansi,Jhansi Fort,Fort,1613.0,1.5,4.4,15.0,Yes,Unknown,Historical,Yes,0.25,All,Unknown,Unknown,34.8688613,58.3829448,Unknown,Unknown,Unknown,Unknown,Unknown,Unknown,Unknown,Unknown,Unknown,Unknown,Unknown,Unknown,121.87,Unknown,4.55,4.5,Unknown,307
189.0,Central,Uttar Pradesh,Sarnath,Dhamek Stupa,Monument,500.0,1.0,4.6,5.0,Yes,Unknown,Historical,Yes,0.065,All,Unknown,Unknown,34.8688613,58.3829448,Unknown,Unknown,Unknown,Unknown,Unknown,Unknown,Unknown,Unknown,Unknown,Unknown,Unknown,Unknown,121.87,Unknown,4.55,4.5,Unknown,307
190.0,Central,Uttar Pradesh,Fatehpur Sikri,Buland Darwaza,Monument,1571.0,2.0,4.4,40.0,Yes,Unknown,Historical,Yes,0.07,Afternoon,Unknown,Unknown,34.8688613,58.3829448,Unknown,Unknown,Unknown,Unknown,Unknown,Unknown,Unknown,Unknown,Unknown,Unknown,Unknown,Unknown,121.87,Unknown,4.55,4.5,Unknown,307
191.0,Central,Uttar Pradesh,Noida,Okhla Bird Sanctuary,Bird Sanctuary,1990.0,1.5,4.3,30.0,Yes,Unknown,Wildlife,Yes,0.035,All,Unknown,Unknown,34.8688613,58.3829448,Unknown,Unknown,Unknown,Unknown,Unknown,Unknown,Unknown,Unknown,Unknown,Unknown,Unknown,Unknown,121.87,Unknown,4.55,4.5,Unknown,558
192.0,Central,Uttar Pradesh,Aligarh,Aligarh Fort,Fort,1524.0,1.0,4.1,20.0,Yes,Unknown,Historical,Yes,0.0165,Afternoon,Unknown,Unknown,34.8688613,58.3829448,Unknown,Unknown,Unknown,Unknown,Unknown,Unknown,Unknown,Unknown,Unknown,Unknown,Unknown,Unknown,121.87,Unknown,4.55,4.5,Unknown,307
193.0,Central,Uttar Pradesh,Meerut,Augarnath Temple,Temple,1767.5,1.0,4.8,0.0,Yes,Unknown,Religious,No,0.045,All,Unknown,Unknown,34.8688613,58.3829448,Unknown,Unknown,Unknown,Unknown,Unknown,Unknown,Unknown,Unknown,Unknown,Unknown,Unknown,Unknown,121.87,Unknown,4.55,4.5,Unknown,420
194.0,Central,Uttar Pradesh,Kanpur,Allen Forest Zoo,Zoo,1971.0,2.0,4.2,150.0,Yes,Monday,Wildlife,Yes,0.21,All,Unknown,Unknown,34.8688613,58.3829448,Unknown,Unknown,Unknown,Unknown,Unknown,Unknown,Unknown,Unknown,Unknown,Unknown,Unknown,Unknown,121.87,Unknown,4.55,4.5,Unknown,558
195.0,Northern,Jammu and Kashmir,Srinagar,Dal Lake,Lake,1767.5,2.0,4.6,0.0,Yes,Unknown,Nature,Yes,0.15,Morning,Unknown,Unknown,34.8688613,58.3829448,Unknown,Unknown,Unknown,Unknown,Unknown,Unknown,Unknown,Unknown,Unknown,Unknown,Unknown,Unknown,121.87,Unknown,4.55,4.5,Unknown,389
196.0,Northern,Ladakh,Leh,Pangong Tso,Lake,1767.5,2.0,4.9,20.0,Yes,Unknown,Nature,Yes,0.15,Morning,Unknown,Unknown,34.8688613,58.3829448,Unknown,Unknown,Unknown,Unknown,Unknown,Unknown,Unknown,Unknown,Unknown,Unknown,Unknown,Unknown,121.87,Unknown,4.55,4.5,Unknown,389
197.0,Northern,Jammu and Kashmir,Pahalgam,Betaab Valley,Valley,1767.5,2.0,4.6,100.0,No,Unknown,Nature,Yes,0.11,All,Unknown,Unknown,34.8688613,58.3829448,Unknown,Unknown,Unknown,Unknown,Unknown,Unknown,Unknown,Unknown,Unknown,Unknown,Unknown,Unknown,121.87,Unknown,4.55,4.5,Unknown,389
198.0,Northern,Jammu and Kashmir,Jammu,Vaishno Devi,Temple,1767.5,5.0,4.7,0.0,Yes,Unknown,Religious,No,0.55,All,Unknown,Unknown,34.8688613,58.3829448,Unknown,Unknown,Unknown,Unknown,Unknown,Unknown,Unknown,Unknown,Unknown,Unknown,Unknown,Unknown,121.87,Unknown,4.55,4.5,Unknown,420
199.0,Northern,Jammu and Kashmir,Udhampur,Patnitop Height,Hill,1767.5,2.0,4.1,0.0,No,Unknown,Recreational,Yes,0.01,All,Unknown,Unknown,34.8688613,58.3829448,Unknown,Unknown,Unknown,Unknown,Unknown,Unknown,Unknown,Unknown,Unknown,Unknown,Unknown,Unknown,121.87,Unknown,4.55,4.5,Unknown,418
200.0,Northern,Jammu and Kashmir,Anantnag,Amarnath Cave,Temple,1767.5,6.0,4.5,0.0,No,Unknown,Religious,Yes,0.11,All,Unknown,Unknown,34.8688613,58.3829448,Unknown,Unknown,Unknown,Unknown,Unknown,Unknown,Unknown,Unknown,Unknown,Unknown,Unknown,Unknown,121.87,Unknown,4.55,4.5,Unknown,420
202.0,Northern,Ladakh,Nubra Valley,Nubra Valley,Valley,1767.5,2.0,4.5,0.0,No,Unknown,Nature,Yes,0.1,All,Unknown,Unknown,34.8688613,58.3829448,Unknown,Unknown,Unknown,Unknown,Unknown,Unknown,Unknown,Unknown,Unknown,Unknown,Unknown,Unknown,121.87,Unknown,4.55,4.5,Unknown,389
203.0,Northern,Ladakh,Kargil,Kargil War Memorial,War Memorial,24.0,1.0,4.8,0.0,No,Unknown,Historical,Yes,0.011,All,Unknown,Unknown,34.8688613,58.3829448,Unknown,Unknown,Unknown,Unknown,Unknown,Unknown,Unknown,Unknown,Unknown,Unknown,Unknown,Unknown,121.87,Unknown,4.55,4.5,Unknown,307
204.0,Northern,Ladakh,Diskit,Diskit Monastery,Monastery,1351.0,1.0,4.7,20.0,No,Unknown,Religious,No,0.015,Morning,Unknown,Unknown,34.8688613,58.3829448,Unknown,Unknown,Unknown,Unknown,Unknown,Unknown,Unknown,Unknown,Unknown,Unknown,Unknown,Unknown,121.87,Unknown,4.55,4.5,Unknown,420
205.0,Northern,Jammu and Kashmir,Kishtwar,Kishtwar National Park,National Park,1981.0,3.0,4.3,100.0,No,Unknown,Wildlife,Yes,0.01,All,Unknown,Unknown,34.8688613,58.3829448,Unknown,Unknown,Unknown,Unknown,Unknown,Unknown,Unknown,Unknown,Unknown,Unknown,Unknown,Unknown,121.87,Unknown,4.55,4.5,Unknown,558
206.0,Northern,Ladakh,Hemis,Hemis National Park,National Park,1981.0,4.0,4.4,20.0,No,Unknown,Wildlife,Yes,0.02,All,Unknown,Unknown,34.8688613,58.3829448,Unknown,Unknown,Unknown,Unknown,Unknown,Unknown,Unknown,Unknown,Unknown,Unknown,Unknown,Unknown,121.87,Unknown,4.55,4.5,Unknown,558
207.0,Northern,Ladakh,Dras,Dras War Memorial,War Memorial,1767.5,1.0,4.8,0.0,No,Unknown,Historical,Yes,0.012,All,Unknown,Unknown,34.8688613,58.3829448,Unknown,Unknown,Unknown,Unknown,Unknown,Unknown,Unknown,Unknown,Unknown,Unknown,Unknown,Unknown,121.87,Unknown,4.55,4.5,Unknown,307
212.0,Central,Uttar Pradesh,Porbandar,Kirti Mandir,Memorial,1950.0,1.0,4.8,0.0,Yes,Unknown,Historical,Yes,0.03,Morning,Unknown,Unknown,34.8688613,58.3829448,Unknown,Unknown,Unknown,Unknown,Unknown,Unknown,Unknown,Unknown,Unknown,Unknown,Unknown,Unknown,121.87,Unknown,4.55,4.5,Unknown,307
215.0,Eastern,West Bengal,Darjeeling,Tiger Hill,Sunrise Point,1767.5,1.0,4.5,0.0,No,Unknown,Nature,Yes,0.025,All,Unknown,Unknown,34.8688613,58.3829448,Unknown,Unknown,Unknown,Unknown,Unknown,Unknown,Unknown,Unknown,Unknown,Unknown,Unknown,Unknown,121.87,Unknown,4.55,4.5,Unknown,389
216.0,Eastern,West Bengal,Siliguri,Jaldapara National Park,Wildlife Sanctuary,1941.0,3.0,4.4,250.0,Yes,Unknown,Wildlife,Yes,0.035,All,Unknown,Unknown,34.8688613,58.3829448,Unknown,Unknown,Unknown,Unknown,Unknown,Unknown,Unknown,Unknown,Unknown,Unknown,Unknown,Unknown,121.87,Unknown,4.55,4.5,Unknown,558
217.0,Eastern,West Bengal,Sundarbans,Sundarbans National Park,National Park,1984.0,4.0,4.4,60.0,No,Unknown,Wildlife,Yes,0.065,All,Unknown,Unknown,34.8688613,58.3829448,Unknown,Unknown,Unknown,Unknown,Unknown,Unknown,Unknown,Unknown,Unknown,Unknown,Unknown,Unknown,121.87,Unknown,4.55,4.5,Unknown,558
218.0,Eastern,West Bengal,Digha,Digha Beach,Beach,1767.5,1.5,4.5,0.0,No,Unknown,Recreational,Yes,0.09,Morning,Unknown,Unknown,34.8688613,58.3829448,Unknown,Unknown,Unknown,Unknown,Unknown,Unknown,Unknown,Unknown,Unknown,Unknown,Unknown,Unknown,121.87,Unknown,4.55,4.5,Unknown,418
219.0,Eastern,West Bengal,Murshidabad,Hazarduari Palace,Palace,1837.0,1.5,4.5,10.0,Yes,Friday,Historical,Yes,0.18,Morning,Unknown,Unknown,34.8688613,58.3829448,Unknown,Unknown,Unknown,Unknown,Unknown,Unknown,Unknown,Unknown,Unknown,Unknown,Unknown,Unknown,121.87,Unknown,4.55,4.5,Unknown,307
220.0,Eastern,West Bengal,Bolpur,Kankalitala Temple,Temple,1767.5,0.5,4.7,0.0,Yes,Unknown,Religious,No,0.045,All,Unknown,Unknown,34.8688613,58.3829448,Unknown,Unknown,Unknown,Unknown,Unknown,Unknown,Unknown,Unknown,Unknown,Unknown,Unknown,Unknown,121.87,Unknown,4.55,4.5,Unknown,420
221.0,Eastern,West Bengal,Hooghly,Hangseswari Temple,Temple,1814.0,0.5,4.6,0.0,Yes,Unknown,Architectural,No,0.07,All,Unknown,Unknown,34.8688613,58.3829448,Unknown,Unknown,Unknown,Unknown,Unknown,Unknown,Unknown,Unknown,Unknown,Unknown,Unknown,Unknown,121.87,Unknown,4.55,4.5,Unknown,84
222.0,Eastern,West Bengal,Jalpaiguri,Gorumara National Park,National Park,1949.0,3.0,4.4,100.0,Yes,Unknown,Wildlife,Yes,0.07,All,Unknown,Unknown,34.8688613,58.3829448,Unknown,Unknown,Unknown,Unknown,Unknown,Unknown,Unknown,Unknown,Unknown,Unknown,Unknown,Unknown,121.87,Unknown,4.55,4.5,Unknown,558
223.0,Eastern,West Bengal,Cooch Behar,Cooch Behar Palace,Palace,1887.0,1.0,4.5,20.0,Yes,Friday,Historical,Yes,0.09,All,Unknown,Unknown,34.8688613,58.3829448,Unknown,Unknown,Unknown,Unknown,Unknown,Unknown,Unknown,Unknown,Unknown,Unknown,Unknown,Unknown,121.87,Unknown,4.55,4.5,Unknown,307
224.0,Eastern,West Bengal,Purulia,Ayodhya Hills,Hill,1767.5,2.5,4.5,0.0,No,Unknown,Nature,Yes,0.15,All,Unknown,Unknown,34.8688613,58.3829448,Unknown,Unknown,Unknown,Unknown,Unknown,Unknown,Unknown,Unknown,Unknown,Unknown,Unknown,Unknown,121.87,Unknown,4.55,4.5,Unknown,389
225.0,Eastern,Odisha,Puri,Jagannath Temple,Temple,12.0,2.0,4.7,0.0,Yes,Unknown,Religious,No,1.0,All,Unknown,Unknown,34.8688613,58.3829448,Unknown,Unknown,Unknown,Unknown,Unknown,Unknown,Unknown,Unknown,Unknown,Unknown,Unknown,Unknown,121.87,Unknown,4.55,4.5,Unknown,420
226.0,Eastern,Odisha,Konark,Sun Temple,Temple,1250.0,1.5,4.7,40.0,Yes,Unknown,Historical,Yes,0.83,All,Unknown,Unknown,34.8688613,58.3829448,Unknown,Unknown,Unknown,Unknown,Unknown,Unknown,Unknown,Unknown,Unknown,Unknown,Unknown,Unknown,121.87,Unknown,4.55,4.5,Unknown,307
227.0,Eastern,Odisha,Bhubaneswar,Lingaraj Temple,Temple,11.0,1.0,4.6,0.0,Yes,Unknown,Religious,No,0.35,All,Unknown,Unknown,34.8688613,58.3829448,Unknown,Unknown,Unknown,Unknown,Unknown,Unknown,Unknown,Unknown,Unknown,Unknown,Unknown,Unknown,121.87,Unknown,4.55,4.5,Unknown,420
228.0,Eastern,Odisha,Rourkela,Khandadhar Waterfall,Waterfall,1767.5,1.5,4.5,0.0,No,Unknown,Nature,Yes,1.2,All,Unknown,Unknown,34.8688613,58.3829448,Unknown,Unknown,Unknown,Unknown,Unknown,Unknown,Unknown,Unknown,Unknown,Unknown,Unknown,Unknown,121.87,Unknown,4.55,4.5,Unknown,389
229.0,Eastern,Odisha,Cuttack,Barabati Fort,Fort,987.0,1.0,4.5,0.0,Yes,Unknown,Historical,Yes,0.13,All,Unknown,Unknown,34.8688613,58.3829448,Unknown,Unknown,Unknown,Unknown,Unknown,Unknown,Unknown,Unknown,Unknown,Unknown,Unknown,Unknown,121.87,Unknown,4.55,4.5,Unknown,307
230.0,Eastern,Odisha,Sambalpur,Hirakud Dam,Dam,1957.0,1.0,4.5,0.0,No,Unknown,Engineering Marvel,Yes,0.01,All,Unknown,Unknown,34.8688613,58.3829448,Unknown,Unknown,Unknown,Unknown,Unknown,Unknown,Unknown,Unknown,Unknown,Unknown,Unknown,Unknown,121.87,Unknown,4.55,4.5,Unknown,266
231.0,Eastern,Odisha,Chilika,Chilika Lake,Lake,1767.5,2.0,3.9,0.0,Yes,Unknown,Nature,Yes,0.1,Morning,Unknown,Unknown,34.8688613,58.3829448,Unknown,Unknown,Unknown,Unknown,Unknown,Unknown,Unknown,Unknown,Unknown,Unknown,Unknown,Unknown,121.87,Unknown,4.55,4.5,Unknown,389
232.0,Eastern,Odisha,Berhampur,Tara Tarini Temple,Temple,1767.5,1.0,4.6,0.0,Yes,Unknown,Religious,No,0.01,All,Unknown,Unknown,34.8688613,58.3829448,Unknown,Unknown,Unknown,Unknown,Unknown,Unknown,Unknown,Unknown,Unknown,Unknown,Unknown,Unknown,121.87,Unknown,4.55,4.5,Unknown,420
233.0,Eastern,Odisha,Keonjhar,Badaghagara Waterfall,Waterfall,1767.5,1.0,4.3,0.0,No,Unknown,Nature,Yes,0.018,Morning,Unknown,Unknown,34.8688613,58.3829448,Unknown,Unknown,Unknown,Unknown,Unknown,Unknown,Unknown,Unknown,Unknown,Unknown,Unknown,Unknown,121.87,Unknown,4.55,4.5,Unknown,389
234.0,Eastern,Odisha,Balasore,Chandipur Beach,Beach,1767.5,1.5,4.2,0.0,Yes,Unknown,Recreational,Yes,0.014,Morning,Unknown,Unknown,34.8688613,58.3829448,Unknown,Unknown,Unknown,Unknown,Unknown,Unknown,Unknown,Unknown,Unknown,Unknown,Unknown,Unknown,121.87,Unknown,4.55,4.5,Unknown,418
235.0,Eastern,Odisha,Kendujhar,Sanaghagara Waterfall,Waterfall,1767.5,1.0,4.4,0.0,No,Unknown,Nature,Yes,0.055,All,Unknown,Unknown,34.8688613,58.3829448,Unknown,Unknown,Unknown,Unknown,Unknown,Unknown,Unknown,Unknown,Unknown,Unknown,Unknown,Unknown,121.87,Unknown,4.55,4.5,Unknown,389
236.0,Southern,Tamil Nadu,Chennai,Marina Beach,Beach,1767.5,1.5,3.9,0.0,Yes,Unknown,Recreational,Yes,0.1,Morning,Unknown,Unknown,34.8688613,58.3829448,Unknown,Unknown,Unknown,Unknown,Unknown,Unknown,Unknown,Unknown,Unknown,Unknown,Unknown,Unknown,121.87,Unknown,4.55,4.5,Unknown,418
237.0,Southern,Tamil Nadu,Madurai,Meenakshi Amman Temple,Temple,6.0,2.0,4.7,0.0,Yes,Unknown,Religious,No,0.65,All,Unknown,Unknown,34.8688613,58.3829448,Unknown,Unknown,Unknown,Unknown,Unknown,Unknown,Unknown,Unknown,Unknown,Unknown,Unknown,Unknown,121.87,Unknown,4.55,4.5,Unknown,420
238.0,Southern,Tamil Nadu,Rameswaram,Ramanathaswamy Temple,Temple,12.0,1.5,4.6,0.0,No,Unknown,Religious,No,0.01,All,Unknown,Unknown,34.8688613,58.3829448,Unknown,Unknown,Unknown,Unknown,Unknown,Unknown,Unknown,Unknown,Unknown,Unknown,Unknown,Unknown,121.87,Unknown,4.55,4.5,Unknown,420
239.0,Southern,Tamil Nadu,Kanyakumari,Vivekananda Rock Memorial,Memorial,1970.0,1.0,4.6,20.0,Yes,Unknown,Historical,No,0.47,Morning,Unknown,Unknown,34.8688613,58.3829448,Unknown,Unknown,Unknown,Unknown,Unknown,Unknown,Unknown,Unknown,Unknown,Unknown,Unknown,Unknown,121.87,Unknown,4.55,4.5,Unknown,307
240.0,Southern,Tamil Nadu,Ooty,Ooty Lake,Lake,1824.0,1.0,4.1,10.0,Yes,Unknown,Recreational,Yes,0.61,Morning,Unknown,Unknown,34.8688613,58.3829448,Unknown,Unknown,Unknown,Unknown,Unknown,Unknown,Unknown,Unknown,Unknown,Unknown,Unknown,Unknown,121.87,Unknown,4.55,4.5,Unknown,418
241.0,Southern,Tamil Nadu,Coimbatore,Marudamalai Temple,Temple,12.0,1.0,4.7,0.0,Yes,Unknown,Religious,No,0.3,All,Unknown,Unknown,34.8688613,58.3829448,Unknown,Unknown,Unknown,Unknown,Unknown,Unknown,Unknown,Unknown,Unknown,Unknown,Unknown,Unknown,121.87,Unknown,4.55,4.5,Unknown,420
242.0,Southern,Tamil Nadu,Kodaikanal,Kodaikanal Lake,Lake,1863.0,2.0,3.9,0.0,No,Unknown,Recreational,Yes,0.1,Morning,Unknown,Unknown,34.8688613,58.3829448,Unknown,Unknown,Unknown,Unknown,Unknown,Unknown,Unknown,Unknown,Unknown,Unknown,Unknown,Unknown,121.87,Unknown,4.55,4.5,Unknown,418
243.0,Southern,Tamil Nadu,Thanjavur,Brihadeeswarar Temple,Temple,110.0,1.5,4.8,0.0,Yes,Unknown,Religious,No,0.35,All,Unknown,Unknown,34.8688613,58.3829448,Unknown,Unknown,Unknown,Unknown,Unknown,Unknown,Unknown,Unknown,Unknown,Unknown,Unknown,Unknown,121.87,Unknown,4.55,4.5,Unknown,420
244.0,Southern,Tamil Nadu,Mahabalipuram,Shore Temple,Temple,7.0,1.0,4.6,40.0,Yes,Unknown,Historical,No,0.09,All,Unknown,Unknown,34.8688613,58.3829448,Unknown,Unknown,Unknown,Unknown,Unknown,Unknown,Unknown,Unknown,Unknown,Unknown,Unknown,Unknown,121.87,Unknown,4.55,4.5,Unknown,307
245.0,Southern,Tamil Nadu,Yercaud,Yercaud Lake,Lake,1767.5,1.0,4.2,0.0,No,Unknown,Recreational,Yes,0.019,Morning,Unknown,Unknown,34.8688613,58.3829448,Unknown,Unknown,Unknown,Unknown,Unknown,Unknown,Unknown,Unknown,Unknown,Unknown,Unknown,Unknown,121.87,Unknown,4.55,4.5,Unknown,418
246.0,Southern,Tamil Nadu,Tirunelveli,Nellaiappar Temple,Temple,7.0,1.0,4.6,0.0,Yes,Unknown,Religious,No,0.16,All,Unknown,Unknown,34.8688613,58.3829448,Unknown,Unknown,Unknown,Unknown,Unknown,Unknown,Unknown,Unknown,Unknown,Unknown,Unknown,Unknown,121.87,Unknown,4.55,4.5,Unknown,420
247.0,Southern,Tamil Nadu,Chidambaram,Nataraja Temple,Temple,10.0,1.0,4.7,0.0,Yes,Unknown,Religious,No,0.28,All,Unknown,Unknown,34.8688613,58.3829448,Unknown,Unknown,Unknown,Unknown,Unknown,Unknown,Unknown,Unknown,Unknown,Unknown,Unknown,Unknown,121.87,Unknown,4.55,4.5,Unknown,420
248.0,Southern,Andhra Pradesh,Vijayawada,Kanaka Durga Temple,Temple,1767.5,1.0,4.7,0.0,Yes,Unknown,Religious,No,0.44,All,Unknown,Unknown,34.8688613,58.3829448,Unknown,Unknown,Unknown,Unknown,Unknown,Unknown,Unknown,Unknown,Unknown,Unknown,Unknown,Unknown,121.87,Unknown,4.55,4.5,Unknown,420
249.0,Southern,Andhra Pradesh,Visakhapatnam,Rishikonda Beach,Beach,1767.5,1.5,4.5,0.0,Yes,Unknown,Recreational,Yes,0.39,Morning,Unknown,Unknown,34.8688613,58.3829448,Unknown,Unknown,Unknown,Unknown,Unknown,Unknown,Unknown,Unknown,Unknown,Unknown,Unknown,Unknown,121.87,Unknown,4.55,4.5,Unknown,418
250.0,Southern,Andhra Pradesh,Srisailam,Mallikarjuna Swamy Temple,Temple,14.0,1.0,4.7,0.0,No,Unknown,Religious,No,0.49,All,Unknown,Unknown,34.8688613,58.3829448,Unknown,Unknown,Unknown,Unknown,Unknown,Unknown,Unknown,Unknown,Unknown,Unknown,Unknown,Unknown,121.87,Unknown,4.55,4.5,Unknown,420
251.0,Southern,Andhra Pradesh,Rajahmundry,Papikondalu,Hill,1767.5,2.0,4.3,0.0,Yes,Unknown,Nature,Yes,0.032,All,Unknown,Unknown,34.8688613,58.3829448,Unknown,Unknown,Unknown,Unknown,Unknown,Unknown,Unknown,Unknown,Unknown,Unknown,Unknown,Unknown,121.87,Unknown,4.55,4.5,Unknown,389
252.0,Southern,Andhra Pradesh,Anantapur,Lepakshi,Site,16.0,1.5,4.6,0.0,No,Unknown,Historical,Yes,0.075,All,Unknown,Unknown,34.8688613,58.3829448,Unknown,Unknown,Unknown,Unknown,Unknown,Unknown,Unknown,Unknown,Unknown,Unknown,Unknown,Unknown,121.87,Unknown,4.55,4.5,Unknown,307
253.0,Southern,Andhra Pradesh,Kurnool,Belum Caves,Cave,1767.5,1.5,4.4,65.0,Yes,Unknown,Natural Wonder,Yes,0.11,Afternoon,Unknown,Unknown,34.8688613,58.3829448,Unknown,Unknown,Unknown,Unknown,Unknown,Unknown,Unknown,Unknown,Unknown,Unknown,Unknown,Unknown,121.87,Unknown,4.55,4.5,Unknown,388
254.0,Southern,Andhra Pradesh,Amravati,Amaravathi Temple,Temple,1767.5,1.0,4.7,0.0,Yes,Unknown,Religious,No,0.041,All,Unknown,Unknown,34.8688613,58.3829448,Unknown,Unknown,Unknown,Unknown,Unknown,Unknown,Unknown,Unknown,Unknown,Unknown,Unknown,Unknown,121.87,Unknown,4.55,4.5,Unknown,420
255.0,Southern,Andhra Pradesh,Guntur,Uppalapadu Bird Sanctuary,Bird Sanctuary,1767.5,1.0,4.4,10.0,Yes,Unknown,Wildlife,Yes,0.7,All,Unknown,Unknown,34.8688613,58.3829448,Unknown,Unknown,Unknown,Unknown,Unknown,Unknown,Unknown,Unknown,Unknown,Unknown,Unknown,Unknown,121.87,Unknown,4.55,4.5,Unknown,558
256.0,Southern,Andhra Pradesh,Kadapa,Gandikota Fort,Fort,12.0,1.5,4.5,0.0,No,Unknown,Historical,Yes,0.015,Morning,Unknown,Unknown,34.8688613,58.3829448,Unknown,Unknown,Unknown,Unknown,Unknown,Unknown,Unknown,Unknown,Unknown,Unknown,Unknown,Unknown,121.87,Unknown,4.55,4.5,Unknown,307
257.0,Southern,Andhra Pradesh,Puttaparthi,Prasanthi Nilayam,Spiritual Center,1950.0,1.0,4.7,0.0,Yes,Unknown,Religious,Yes,0.12,All,Unknown,Unknown,34.8688613,58.3829448,Unknown,Unknown,Unknown,Unknown,Unknown,Unknown,Unknown,Unknown,Unknown,Unknown,Unknown,Unknown,121.87,Unknown,4.55,4.5,Unknown,420
258.0,Southern,Andhra Pradesh,Vizianagaram,Simhachalam Temple,Temple,198.0,1.0,4.7,0.0,Yes,Unknown,Religious,No,0.59,All,Unknown,Unknown,34.8688613,58.3829448,Unknown,Unknown,Unknown,Unknown,Unknown,Unknown,Unknown,Unknown,Unknown,Unknown,Unknown,Unknown,121.87,Unknown,4.55,4.5,Unknown,420
266.0,Eastern,Sikkim,Gangtok,Nathula Pass,Hill,1767.5,2.0,4.3,20.0,Yes,Unknown,Historical,Yes,0.15,Afternoon,Unknown,Unknown,34.8688613,58.3829448,Unknown,Unknown,Unknown,Unknown,Unknown,Unknown,Unknown,Unknown,Unknown,Unknown,Unknown,Unknown,121.87,Unknown,4.55,4.5,Unknown,307
267.0,Eastern,Sikkim,Pelling,Pemayangtse Monastery,Monastery,1705.0,1.0,4.6,20.0,No,Unknown,Religious,No,0.015,Morning,Unknown,Unknown,34.8688613,58.3829448,Unknown,Unknown,Unknown,Unknown,Unknown,Unknown,Unknown,Unknown,Unknown,Unknown,Unknown,Unknown,121.87,Unknown,4.55,4.5,Unknown,420
268.0,Eastern,Sikkim,Namchi,Char Dham,Religious Complex,211.0,2.0,4.7,50.0,Yes,Unknown,Religious,No,0.12,All,Unknown,Unknown,34.8688613,58.3829448,Unknown,Unknown,Unknown,Unknown,Unknown,Unknown,Unknown,Unknown,Unknown,Unknown,Unknown,Unknown,121.87,Unknown,4.55,4.5,Unknown,420
270.0,Eastern,Sikkim,Ravangla,Buddha Park,Park,213.0,1.0,4.8,50.0,Yes,Unknown,Cultural,Yes,0.1,All,Unknown,Unknown,34.8688613,58.3829448,Unknown,Unknown,Unknown,Unknown,Unknown,Unknown,Unknown,Unknown,Unknown,Unknown,Unknown,Unknown,121.87,Unknown,4.55,4.5,Unknown,252
273.0,North Eastern,Assam,Guwahati,Kamakhya Temple,Temple,1767.5,2.0,4.6,0.0,Yes,Unknown,Religious,No,0.21,All,Unknown,Unknown,34.8688613,58.3829448,Unknown,Unknown,Unknown,Unknown,Unknown,Unknown,Unknown,Unknown,Unknown,Unknown,Unknown,Unknown,121.87,Unknown,4.55,4.5,Unknown,420
274.0,North Eastern,Assam,Kaziranga,Kaziranga National Park,National Park,1905.0,3.0,4.5,650.0,No,Unknown,Wildlife,No,0.068,Morning,Unknown,Unknown,34.8688613,58.3829448,Unknown,Unknown,Unknown,Unknown,Unknown,Unknown,Unknown,Unknown,Unknown,Unknown,Unknown,Unknown,121.87,Unknown,4.55,4.5,Unknown,558
276.0,North Eastern,Assam,Sivasagar,Sivasagar Sivadol,Temple,1734.0,1.0,4.7,0.0,No,Unknown,Historical,Yes,0.065,All,Unknown,Unknown,34.8688613,58.3829448,Unknown,Unknown,Unknown,Unknown,Unknown,Unknown,Unknown,Unknown,Unknown,Unknown,Unknown,Unknown,121.87,Unknown,4.55,4.5,Unknown,307
277.0,North Eastern,Assam,Majuli,Majuli Island,River Island,1767.5,2.0,4.7,0.0,No,Unknown,Cultural,Yes,0.01,Morning,Unknown,Unknown,34.8688613,58.3829448,Unknown,Unknown,Unknown,Unknown,Unknown,Unknown,Unknown,Unknown,Unknown,Unknown,Unknown,Unknown,121.87,Unknown,4.55,4.5,Unknown,252
278.0,North Eastern,Assam,Manas,Manas National Park,National Park,1990.0,3.0,4.6,500.0,No,Unknown,Wildlife,Yes,0.19,Morning,Unknown,Unknown,34.8688613,58.3829448,Unknown,Unknown,Unknown,Unknown,Unknown,Unknown,Unknown,Unknown,Unknown,Unknown,Unknown,Unknown,121.87,Unknown,4.55,4.5,Unknown,558
279.0,North Eastern,Assam,Hajo,Hayagriva Madhava Temple,Temple,1767.5,1.0,4.5,0.0,No,Unknown,Religious,Yes,0.9,All,Unknown,Unknown,34.8688613,58.3829448,Unknown,Unknown,Unknown,Unknown,Unknown,Unknown,Unknown,Unknown,Unknown,Unknown,Unknown,Unknown,121.87,Unknown,4.55,4.5,Unknown,420
281.0,North Eastern,Arunachal Pradesh,Tawang,Tawang Monastery,Monastery,1680.0,2.0,4.7,0.0,No,Unknown,Religious,No,0.032,Morning,Unknown,Unknown,34.8688613,58.3829448,Unknown,Unknown,Unknown,Unknown,Unknown,Unknown,Unknown,Unknown,Unknown,Unknown,Unknown,Unknown,121.87,Unknown,4.55,4.5,Unknown,420
282.0,North Eastern,Tripura,Agartala,Ujjayanta Palace,Palace,1901.0,1.5,4.5,10.0,Yes,Monday,Historical,Yes,0.035,All,Unknown,Unknown,34.8688613,58.3829448,Unknown,Unknown,Unknown,Unknown,Unknown,Unknown,Unknown,Unknown,Unknown,Unknown,Unknown,Unknown,121.87,Unknown,4.55,4.5,Unknown,307
283.0,North Eastern,Tripura,Dumboor,Dumboor Lake,Lake,1767.5,1.0,4.5,0.0,No,Unknown,Nature,Yes,0.01,Morning,Unknown,Unknown,34.8688613,58.3829448,Unknown,Unknown,Unknown,Unknown,Unknown,Unknown,Unknown,Unknown,Unknown,Unknown,Unknown,Unknown,121.87,Unknown,4.55,4.5,Unknown,389
284.0,North Eastern,Tripura,Unakoti,Unakoti Rock Carvings,Rock Carvings,700.0,1.5,4.5,20.0,No,Unknown,Historical,Yes,0.025,Morning,Unknown,Unknown,34.8688613,58.3829448,Unknown,Unknown,Unknown,Unknown,Unknown,Unknown,Unknown,Unknown,Unknown,Unknown,Unknown,Unknown,121.87,Unknown,4.55,4.5,Unknown,307
285.0,Central,Chhattisgarh,Bastar,Chitrakote Falls,Waterfall,1767.5,1.5,4.6,0.0,No,Unknown,Nature,Yes,0.19,Morning,Unknown,Unknown,34.8688613,58.3829448,Unknown,Unknown,Unknown,Unknown,Unknown,Unknown,Unknown,Unknown,Unknown,Unknown,Unknown,Unknown,121.87,Unknown,4.55,4.5,Unknown,389
286.0,North Eastern,Nagaland,Dzükou Valley,Dzükou Valley,Valley,1767.5,3.0,4.7,0.0,No,Unknown,Trekking,Yes,0.01,Afternoon,Unknown,Unknown,34.8688613,58.3829448,Unknown,Unknown,Unknown,Unknown,Unknown,Unknown,Unknown,Unknown,Unknown,Unknown,Unknown,Unknown,121.87,Unknown,4.55,4.5,Unknown,498
287.0,Southern,Puducherry,Puducherry,Promenade Beach,Beach,1767.5,1.0,4.5,0.0,Yes,Unknown,Recreational,Yes,0.09,Morning,Unknown,Unknown,34.8688613,58.3829448,Unknown,Unknown,Unknown,Unknown,Unknown,Unknown,Unknown,Unknown,Unknown,Unknown,Unknown,Unknown,121.87,Unknown,4.55,4.5,Unknown,418
288.0,Southern,Puducherry,Auroville,Auroville,Township,1968.0,2.0,4.1,0.0,Yes,Unknown,Cultural,Yes,0.035,All,Unknown,Unknown,34.8688613,58.3829448,Unknown,Unknown,Unknown,Unknown,Unknown,Unknown,Unknown,Unknown,Unknown,Unknown,Unknown,Unknown,121.87,Unknown,4.55,4.5,Unknown,252
290.0,Southern,Andaman and Nicobar Islands,Port Blair,Cellular Jail,Landmark,1906.0,1.5,4.7,30.0,Yes,Monday,Historical,Yes,0.12,Afternoon,Unknown,Unknown,34.8688613,58.3829448,Unknown,Unknown,Unknown,Unknown,Unknown,Unknown,Unknown,Unknown,Unknown,Unknown,Unknown,Unknown,121.87,Unknown,4.55,4.5,Unknown,307
291.0,Southern,Andaman and Nicobar Islands,Havelock Island,Radhanagar Beach,Beach,1767.5,1.0,4.8,0.0,No,Unknown,Nature,Yes,0.09,Morning,Unknown,Unknown,34.8688613,58.3829448,Unknown,Unknown,Unknown,Unknown,Unknown,Unknown,Unknown,Unknown,Unknown,Unknown,Unknown,Unknown,121.87,Unknown,4.55,4.5,Unknown,389
292.0,Southern,Andaman and Nicobar Islands,Neil Island,Bharatpur Beach,Beach,1767.5,1.0,4.5,0.0,No,Unknown,Nature,Yes,0.04,Morning,Unknown,Unknown,34.8688613,58.3829448,Unknown,Unknown,Unknown,Unknown,Unknown,Unknown,Unknown,Unknown,Unknown,Unknown,Unknown,Unknown,121.87,Unknown,4.55,4.5,Unknown,389
293.0,Southern,Andaman and Nicobar Islands,Baratang Island,Limestone Caves,Natural Feature,1767.5,1.5,4.4,250.0,No,Unknown,Nature,Yes,0.015,Morning,Unknown,Unknown,34.8688613,58.3829448,Unknown,Unknown,Unknown,Unknown,Unknown,Unknown,Unknown,Unknown,Unknown,Unknown,Unknown,Unknown,121.87,Unknown,4.55,4.5,Unknown,389
294.0,Western,Daman and Diu,Diu,Naida Caves,Cave,1767.5,1.0,4.5,0.0,No,Unknown,Nature,Yes,0.6,Afternoon,Unknown,Unknown,34.8688613,58.3829448,Unknown,Unknown,Unknown,Unknown,Unknown,Unknown,Unknown,Unknown,Unknown,Unknown,Unknown,Unknown,121.87,Unknown,4.55,4.5,Unknown,389
296.0,Eastern,Jharkhand,Deoghar,Baba Baidyanath Temple,Temple,1767.5,1.0,4.7,0.0,Yes,Unknown,Religious,Yes,1.8,All,Unknown,Unknown,34.8688613,58.3829448,Unknown,Unknown,Unknown,Unknown,Unknown,Unknown,Unknown,Unknown,Unknown,Unknown,Unknown,Unknown,121.87,Unknown,4.55,4.5,Unknown,420
297.0,Eastern,Jharkhand,Ranchi,Pahari Mandir,Temple,1767.5,1.0,4.6,0.0,Yes,Unknown,Religious,Yes,0.13,All,Unknown,Unknown,34.8688613,58.3829448,Unknown,Unknown,Unknown,Unknown,Unknown,Unknown,Unknown,Unknown,Unknown,Unknown,Unknown,Unknown,121.87,Unknown,4.55,4.5,Unknown,420
298.0,Eastern,Bihar,Bodh Gaya,Mahabodhi Temple,Temple,260.0,1.5,4.7,0.0,Yes,Unknown,Religious,Yes,0.2,All,Unknown,Unknown,34.8688613,58.3829448,Unknown,Unknown,Unknown,Unknown,Unknown,Unknown,Unknown,Unknown,Unknown,Unknown,Unknown,Unknown,121.87,Unknown,4.55,4.5,Unknown,420
299.0,Eastern,Bihar,Patna,Sanjay Gandhi Biological Park,Zoo,1767.5,2.5,4.3,30.0,Yes,Unknown,Wildlife,Yes,0.5,All,Unknown,Unknown,34.8688613,58.3829448,Unknown,Unknown,Unknown,Unknown,Unknown,Unknown,Unknown,Unknown,Unknown,Unknown,Unknown,Unknown,121.87,Unknown,4.55,4.5,Unknown,558
302.0,Northern,Haryana,Gurugram,Kingdom of Dreams,Entertainment,2010.0,3.0,4.4,1100.0,Yes,Monday,Entertainment,Yes,0.3,Afternoon,Unknown,Unknown,34.8688613,58.3829448,Unknown,Unknown,Unknown,Unknown,Unknown,Unknown,Unknown,Unknown,Unknown,Unknown,Unknown,Unknown,121.87,Unknown,4.55,4.5,Unknown,267
305.0,Northern,Delhi,New Delhi,Gurudwara Bangla Sahib,Gurudwara,1767.5,1.0,4.8,0.0,Yes,Unknown,Religious,Yes,1.05,All,Unknown,Unknown,34.8688613,58.3829448,Unknown,Unknown,Unknown,Unknown,Unknown,Unknown,Unknown,Unknown,Unknown,Unknown,Unknown,Unknown,121.87,Unknown,4.55,4.5,Unknown,420
306.0,Northern,Uttarakhand,Kedarnath,Kedarnath,Temple,1767.5,1.5,4.8,0.0,No,Unknown,Religious,No,2.0,All,Unknown,Unknown,34.8688613,58.3829448,Unknown,Unknown,Unknown,Unknown,Unknown,Unknown,Unknown,Unknown,Unknown,Unknown,Unknown,Unknown,121.87,Unknown,4.55,4.5,Unknown,420
308.0,Central,Uttar Pradesh,Greater Noida,The Grand Venice Mall,Mall,1767.5,2.0,4.2,0.0,Yes,Unknown,Shopping,Yes,0.45,All,Unknown,Unknown,34.8688613,58.3829448,Unknown,Unknown,Unknown,Unknown,Unknown,Unknown,Unknown,Unknown,Unknown,Unknown,Unknown,Unknown,121.87,Unknown,4.55,4.5,Unknown,436
309.0,Southern,Karnataka,Bengaluru,Wonderla Amusement Park,Amusement Park,2005.0,4.0,4.5,890.0,Yes,Unknown,Entertainment,Yes,0.95,All,Unknown,Unknown,34.8688613,58.3829448,Unknown,Unknown,Unknown,Unknown,Unknown,Unknown,Unknown,Unknown,Unknown,Unknown,Unknown,Unknown,121.87,Unknown,4.55,4.5,Unknown,267
319.0,North Eastern,Meghalaya,Cherrapunji,Living Root Bridge,Natural Feature,1767.5,2.0,4.6,0.0,No,Unknown,Nature,Yes,0.06,Morning,Unknown,Unknown,34.8688613,58.3829448,Unknown,Unknown,Unknown,Unknown,Unknown,Unknown,Unknown,Unknown,Unknown,Unknown,Unknown,Unknown,121.87,Unknown,4.55,4.5,Unknown,389
Unknown,Unknown,Italy,Milan,Unknown,Unknown,1767.5,1.5,4.5,0.0,Unknown,Unknown,"Chic streets lined with fashion boutiques, historic architecture, and lively piazzas create a sophisticated yet welcoming atmosphere, perfect for leisurely exploration.",Unknown,0.1,Unknown,c54acf38-3029-496b-8c7a-8343ad82785c,europe,45.4641943,9.1896346,Luxury,5.0,2.0,2.0,1.0,4.0,5.0,3.0,5.0,2.0,Unknown,Unknown,121.87,Unknown,4.55,4.5,Unknown,201
Unknown,Unknown,Fiji,Yasawa Islands,Unknown,Unknown,1767.5,1.5,4.5,0.0,Unknown,Unknown,"Crystal-clear waters, secluded beaches, and vibrant coral reefs create a serene paradise perfect for unwinding and immersing in natural beauty.",Unknown,0.1,Unknown,0bd12654-ed64-424e-a044-7bc574bcf078,oceania,17.2909471,177.12578580330327,Luxury,2.0,4.0,5.0,5.0,2.0,3.0,4.0,1.0,5.0,Unknown,Unknown,121.87,Unknown,4.55,4.5,Unknown,251
Unknown,Unknown,Canada,Whistler,Unknown,Unknown,1767.5,1.5,4.5,0.0,Unknown,Unknown,"Snow-capped peaks and lush forests create a serene escape, where outdoor adventures meet cozy village vibes and crisp mountain air.",Unknown,0.1,Unknown,73036cda-9134-46fc-a2c6-807782d59dfb,north_america,50.1171903,122.9543022,Luxury,3.0,5.0,5.0,2.0,3.0,3.0,4.0,2.0,4.0,Unknown,Unknown,121.87,Unknown,4.55,4.5,Unknown,440
Unknown,Unknown,Mexico,Guanajuato,Unknown,Unknown,1767.5,1.5,4.5,0.0,Unknown,Unknown,"Winding cobblestone streets and colorful facades create a charming, vibrant atmosphere, where history and lively festivals fill the air with excitement.",Unknown,0.1,Unknown,3872c9c0-6b6e-49e1-9743-f46bfe591b86,north_america,20.9876996,101.0,Mid-range,5.0,3.0,3.0,1.0,3.0,4.0,3.0,4.0,2.0,Unknown,Unknown,121.87,Unknown,4.55,4.5,Unknown,563
Unknown,Unknown,Indonesia,Surabaya,Unknown,Unknown,1767.5,1.5,4.5,0.0,Unknown,Unknown,"Bustling streets filled with the aroma of local spices, vibrant markets, and a rich cultural tapestry invite exploration and discovery.",Unknown,0.1,Unknown,e1ebc1b6-8798-422d-847a-22016faff3fd,asia,7.2459717,112.7378266,Budget,4.0,3.0,3.0,2.0,3.0,4.0,3.0,4.0,2.0,Unknown,Unknown,121.87,Unknown,4.55,4.5,Unknown,104
Unknown,Unknown,Greenland,Nuuk,Unknown,Unknown,1767.5,1.5,4.5,0.0,Unknown,Unknown,"Rugged landscapes meet the calm of icy fjords, where the crisp air and vibrant local culture create a unique Arctic charm.",Unknown,0.1,Unknown,26bd92cc-1bd7-46bc-a132-9c227115194a,north_america,64.1766835,51.7359356,Luxury,3.0,4.0,5.0,2.0,2.0,3.0,2.0,2.0,5.0,Unknown,Unknown,121.87,Unknown,4.55,4.5,Unknown,429
Unknown,Unknown,Namibia,Windhoek,Unknown,Unknown,1767.5,1.5,4.5,0.0,Unknown,Unknown,"A blend of modernity and tradition, with bustling markets, German colonial architecture, and the vast Namibian landscape providing a unique backdrop.",Unknown,0.1,Unknown,20f80ed8-ce7f-43ad-a34d-a0cb156f5d4e,africa,22.53356015,17.045477525861745,Mid-range,3.0,4.0,4.0,1.0,3.0,3.0,3.0,3.0,4.0,Unknown,Unknown,121.87,Unknown,4.55,4.5,Unknown,8
Unknown,Unknown,Jamaica,Kingston,Unknown,Unknown,1767.5,1.5,4.5,0.0,Unknown,Unknown,"Vibrant streets pulse with reggae rhythms, while lush hills and beaches offer a serene escape, creating a captivating blend of energy and tranquility.",Unknown,0.1,Unknown,0dae5759-947a-40c9-aaea-e2e647f1061e,north_america,17.9712148,76.7928128,Mid-range,4.0,3.0,3.0,3.0,4.0,4.0,3.0,3.0,2.0,Unknown,Unknown,121.87,Unknown,4.55,4.5,Unknown,525
Unknown,Unknown,Greece,Nafplio,Unknown,Unknown,1767.5,1.5,4.5,0.0,Unknown,Unknown,"Charming cobblestone streets, vibrant bougainvillea, and the gentle sea breeze create a serene atmosphere perfect for leisurely exploration and relaxation.",Unknown,0.1,Unknown,4e2d3678-bbb3-428e-a1df-0ba956ef3c77,europe,37.5659229,22.8068782,Mid-range,4.0,3.0,4.0,3.0,3.0,4.0,3.0,3.0,4.0,Unknown,Unknown,121.87,Unknown,4.55,4.5,Unknown,162
Unknown,Unknown,Georgia,Tbilisi,Unknown,Unknown,1767.5,1.5,4.5,0.0,Unknown,Unknown,"Cobblestone streets wind through eclectic neighborhoods, where vibrant markets and ancient architecture create a welcoming blend of history and modern charm.",Unknown,0.1,Unknown,b78d096a-87d0-4010-baac-e4879cab6aa9,asia,41.6934591,44.8014495,Budget,4.0,3.0,3.0,1.0,3.0,4.0,3.0,3.0,3.0,Unknown,Unknown,121.87,Unknown,4.55,4.5,Unknown,225
Unknown,Unknown,Germany,Heidelberg,Unknown,Unknown,1767.5,1.5,4.5,0.0,Unknown,Unknown,"Cobblestone streets lined with charming old buildings and the gentle flow of the Neckar River create an inviting, romantic atmosphere.",Unknown,0.1,Unknown,d5bca023-e7ef-45a6-bbf3-f27313ce544d,europe,49.4093582,8.694724,Mid-range,5.0,2.0,4.0,1.0,3.0,4.0,3.0,3.0,4.0,Unknown,Unknown,121.87,Unknown,4.55,4.5,Unknown,217
Unknown,Unknown,Australia,Hobart,Unknown,Unknown,1767.5,1.5,4.5,0.0,Unknown,Unknown,"Charming waterfront views and a laid-back vibe invite exploration through historic streets, bustling markets, and the surrounding natural beauty of rugged landscapes.",Unknown,0.1,Unknown,a881b470-86d0-4ce0-913b-1d453f68466e,oceania,42.8825088,147.3281233,Mid-range,4.0,3.0,5.0,3.0,2.0,4.0,3.0,3.0,4.0,Unknown,Unknown,121.87,Unknown,4.55,4.5,Unknown,196
Unknown,Unknown,Japan,Nagasaki,Unknown,Unknown,1767.5,1.5,4.5,0.0,Unknown,Unknown,"Steeped in history and surrounded by lush hills, this city offers a poignant mix of serene gardens and vibrant cultural experiences.",Unknown,0.1,Unknown,6234202f-ff97-4d9b-955f-92bccb61c317,asia,33.1154683,129.7874339,Mid-range,4.0,2.0,3.0,2.0,3.0,4.0,3.0,3.0,3.0,Unknown,Unknown,121.87,Unknown,4.55,4.5,Unknown,447
Unknown,Unknown,Netherlands,Utrecht,Unknown,Unknown,1767.5,1.5,4.5,0.0,Unknown,Unknown,"Charming canals lined with cozy cafés and historic buildings create a warm, inviting atmosphere perfect for leisurely strolls and quiet exploration.",Unknown,0.1,Unknown,4dd122b5-7ab0-48b0-999b-dd08231fd517,europe,52.0907006,5.1215634,Mid-range,4.0,2.0,3.0,1.0,4.0,4.0,3.0,4.0,3.0,Unknown,Unknown,121.87,Unknown,4.55,4.5,Unknown,121
Unknown,Unknown,Myanmar,Bagan,Unknown,Unknown,1767.5,1.5,4.5,0.0,Unknown,Unknown,"Ancient temples rise from misty plains, where the golden glow of sunrise paints a serene landscape that feels both timeless and mystical.",Unknown,0.1,Unknown,9a90f31c-7073-4cdd-a6d1-6a6a1cbb4e8f,asia,21.1317111,94.8623644,Budget,5.0,3.0,4.0,1.0,1.0,3.0,2.0,2.0,4.0,Unknown,Unknown,121.87,Unknown,4.55,4.5,Unknown,80
Unknown,Unknown,Sweden,Malmö,Unknown,Unknown,1767.5,1.5,4.5,0.0,Unknown,Unknown,"Charming canals, innovative architecture, and a laid-back vibe make it perfect for leisurely strolls and exploring vibrant cultural scenes.",Unknown,0.1,Unknown,46cdc57e-d4d6-49a4-819a-5b8161bbdb3e,europe,55.6052931,13.0001566,Mid-range,4.0,3.0,3.0,3.0,3.0,4.0,3.0,4.0,2.0,Unknown,Unknown,121.87,Unknown,4.55,4.5,Unknown,124
Unknown,Unknown,Netherlands,Amsterdam,Unknown,Unknown,1767.5,1.5,4.5,0.0,Unknown,Unknown,"Charming canals wind through vibrant neighborhoods, where historic architecture meets cozy cafés and the air buzzes with a creative energy.",Unknown,0.1,Unknown,5aab6f8f-70db-41a8-a1fb-e8d9026e533b,europe,52.3730796,4.8924534,Mid-range,5.0,3.0,3.0,2.0,5.0,4.0,3.0,5.0,2.0,Unknown,Unknown,121.87,Unknown,4.55,4.5,Unknown,123
Unknown,Unknown,United States,New York,Unknown,Unknown,1767.5,1.5,4.5,0.0,Unknown,Unknown,"The city buzzes with energy, offering iconic skylines, diverse cultures, and a sensory overload of sights, sounds, and tastes at every corner.",Unknown,0.1,Unknown,8755d625-7efa-4e92-aed9-cb2386083a44,north_america,40.7127281,74.0060152,Luxury,5.0,3.0,3.0,2.0,5.0,5.0,3.0,5.0,1.0,Unknown,Unknown,121.87,Unknown,4.55,4.5,Unknown,485
Unknown,Unknown,United States,Chicago,Unknown,Unknown,1767.5,1.5,4.5,0.0,Unknown,Unknown,"Dynamic streets filled with diverse food, vibrant arts, and stunning architecture create a lively yet welcoming urban atmosphere by the lake.",Unknown,0.1,Unknown,79a47311-1ffb-44d1-bd87-a1a9fb190f40,north_america,41.8755616,87.6244212,Luxury,5.0,3.0,3.0,2.0,5.0,5.0,3.0,5.0,2.0,Unknown,Unknown,121.87,Unknown,4.55,4.5,Unknown,258
Unknown,Unknown,United States,Raleigh,Unknown,Unknown,1767.5,1.5,4.5,0.0,Unknown,Unknown,"Tree-lined streets and historic architecture mix with modern art scenes and vibrant food markets, offering a warm, welcoming southern charm.",Unknown,0.1,Unknown,630b0ecb-8651-476e-803d-b65f99f342a3,north_america,35.7803977,78.6390989,Mid-range,4.0,3.0,4.0,2.0,3.0,4.0,3.0,4.0,3.0,Unknown,Unknown,121.87,Unknown,4.55,4.5,Unknown,496
Unknown,Unknown,Norway,Trondheim,Unknown,Unknown,1767.5,1.5,4.5,0.0,Unknown,Unknown,"Charming wooden houses, crisp Nordic air, and a vibrant student atmosphere create a cozy yet lively vibe that's both welcoming and invigorating.",Unknown,0.1,Unknown,0d1ac2c5-e3d5-40b5-ad56-01f3d67710ab,europe,63.4304475,10.3952118,Luxury,4.0,3.0,4.0,2.0,3.0,3.0,3.0,3.0,4.0,Unknown,Unknown,121.87,Unknown,4.55,4.5,Unknown,199
Unknown,Unknown,Belgium,Bruges,Unknown,Unknown,1767.5,1.5,4.5,0.0,Unknown,Unknown,"Cobblestone streets lined with medieval architecture and the aroma of fresh waffles create a charming and nostalgic atmosphere, perfect for leisurely exploration.",Unknown,0.1,Unknown,955899e4-7ccb-4b6a-a85c-a9b73efe6876,europe,51.2085526,3.226772,Mid-range,5.0,2.0,3.0,1.0,3.0,4.0,3.0,3.0,4.0,Unknown,Unknown,121.87,Unknown,4.55,4.5,Unknown,223
Unknown,Unknown,Iceland,Reykjavik,Unknown,Unknown,1767.5,1.5,4.5,0.0,Unknown,Unknown,"Colorful rooftops, crisp sea air, and the allure of geothermal pools create a unique blend of natural beauty and urban charm.",Unknown,0.1,Unknown,57239ab4-5376-4b81-a35e-fc8a27fb5812,europe,64.145981,21.9422367,Luxury,3.0,4.0,5.0,2.0,3.0,3.0,4.0,3.0,4.0,Unknown,Unknown,121.87,Unknown,4.55,4.5,Unknown,235
Unknown,Unknown,South Korea,Seoul,Unknown,Unknown,1767.5,1.5,4.5,0.0,Unknown,Unknown,"A dynamic blend of futuristic skyscrapers and ancient palaces, bustling markets, and tranquil parks, creating an energetic yet harmonious urban experience.",Unknown,0.1,Unknown,6d8f232e-d34d-4dac-95c4-e01d7983124c,asia,37.5666791,126.9782914,Mid-range,5.0,3.0,3.0,2.0,5.0,5.0,4.0,5.0,2.0,Unknown,Unknown,121.87,Unknown,4.55,4.5,Unknown,36
Unknown,Unknown,Turkey,Ankara,Unknown,Unknown,1767.5,1.5,4.5,0.0,Unknown,Unknown,"A blend of modern and historic vibes, offering bustling markets, serene parks, and a rich tapestry of cultural experiences.",Unknown,0.1,Unknown,86f34228-6edb-4171-ba62-79fffa9e06f6,asia,39.9207759,32.8540497,Mid-range,4.0,2.0,3.0,1.0,3.0,4.0,3.0,4.0,2.0,Unknown,Unknown,121.87,Unknown,4.55,4.5,Unknown,4
Unknown,Unknown,Japan,Kyoto,Unknown,Unknown,1767.5,1.5,4.5,0.0,Unknown,Unknown,"Serene temples and vibrant gardens blend with the gentle rustle of bamboo forests, creating a tranquil yet deeply enriching experience.",Unknown,0.1,Unknown,fa445d6d-7fb4-4832-ba37-08ff468a1430,asia,35.0115754,135.7681441,Luxury,5.0,2.0,4.0,1.0,2.0,5.0,3.0,3.0,4.0,Unknown,Unknown,121.87,Unknown,4.55,4.5,Unknown,434
Unknown,Unknown,United States,Tampa,Unknown,Unknown,1767.5,1.5,4.5,0.0,Unknown,Unknown,"Sun-drenched streets, vibrant waterfronts, and a lively cultural scene create an inviting mix of relaxation and adventure for visitors.",Unknown,0.1,Unknown,1fd503e7-d209-40c1-abd0-299af9c7d4de,north_america,27.9477595,82.458444,Mid-range,3.0,3.0,4.0,4.0,4.0,4.0,3.0,3.0,2.0,Unknown,Unknown,121.87,Unknown,4.55,4.5,Unknown,474
Unknown,Unknown,Ireland,Dublin,Unknown,Unknown,1767.5,1.5,4.5,0.0,Unknown,Unknown,"Charming cobblestone streets, lively pubs filled with music, and a rich tapestry of history create a welcoming and vibrant atmosphere.",Unknown,0.1,Unknown,39e15d15-ec4c-4ba9-9cd5-6775945aad8f,europe,53.3493795,6.2605593,Mid-range,4.0,2.0,3.0,2.0,4.0,4.0,3.0,4.0,2.0,Unknown,Unknown,121.87,Unknown,4.55,4.5,Unknown,154
Unknown,Unknown,United States,Washington,Unknown,Unknown,1767.5,1.5,4.5,0.0,Unknown,Unknown,"Majestic landscapes blend with vibrant city life, offering a mix of natural beauty, cultural richness, and a welcoming atmosphere.",Unknown,0.1,Unknown,c0cc2c39-9e57-4edd-8696-2119a96ca6cb,north_america,38.8950368,77.0365427,Mid-range,5.0,2.0,3.0,1.0,4.0,4.0,3.0,5.0,2.0,Unknown,Unknown,121.87,Unknown,4.55,4.5,Unknown,371
Unknown,Unknown,Zambia,Livingstone,Unknown,Unknown,1767.5,1.5,4.5,0.0,Unknown,Unknown,"Feel the rush of cascading waterfalls and the thrill of wildlife encounters, all amidst a backdrop of vibrant sunsets and warm local hospitality.",Unknown,0.1,Unknown,dd54b0e6-43e7-4be6-9eb4-5e4863f25f52,africa,17.853135,25.861429,Mid-range,3.0,5.0,5.0,2.0,2.0,3.0,3.0,2.0,4.0,Unknown,Unknown,121.87,Unknown,4.55,4.5,Unknown,270
Unknown,Unknown,Poland,Kraków,Unknown,Unknown,1767.5,1.5,4.5,0.0,Unknown,Unknown,"Cobblestone streets lead to vibrant squares filled with the buzz of locals and tourists alike, offering a blend of history and lively culture.",Unknown,0.1,Unknown,09323a57-0f0c-4190-9ce5-e689efe6137d,europe,50.0619474,19.9368564,Mid-range,5.0,2.0,3.0,1.0,4.0,4.0,3.0,4.0,2.0,Unknown,Unknown,121.87,Unknown,4.55,4.5,Unknown,216
Unknown,Unknown,Jordan,Petra,Unknown,Unknown,1767.5,1.5,4.5,0.0,Unknown,Unknown,"Wandering through ancient canyons, you'll feel the echoes of history in the rose-red stone, with every step revealing stunning, time-worn architecture.",Unknown,0.1,Unknown,87177e3c-1535-45af-a1e7-e65357f2c0d3,middle_east,30.3258363,35.4745669,Mid-range,5.0,4.0,4.0,1.0,1.0,3.0,2.0,1.0,4.0,Unknown,Unknown,121.87,Unknown,4.55,4.5,Unknown,537
Unknown,Unknown,Greece,Athens,Unknown,Unknown,1767.5,1.5,4.5,0.0,Unknown,Unknown,"Ancient ruins stand proudly against a backdrop of vibrant street life and bustling markets, where history and modernity create an electrifying blend.",Unknown,0.1,Unknown,50dc5be0-a23e-4da3-aecc-f5f095c26bdb,europe,37.9755648,23.7348324,Mid-range,5.0,3.0,3.0,3.0,4.0,5.0,3.0,4.0,2.0,Unknown,Unknown,121.87,Unknown,4.55,4.5,Unknown,77
Unknown,Unknown,Maldives,Malé,Unknown,Unknown,1767.5,1.5,4.5,0.0,Unknown,Unknown,"Vibrant markets, azure waters, and the gentle hum of island life create an inviting atmosphere that feels both exotic and familiar.",Unknown,0.1,Unknown,769e57b7-a2fe-4eb9-8d39-4c7a0b940c02,asia,4.1779879,73.5107387,Mid-range,2.0,3.0,5.0,5.0,2.0,3.0,4.0,3.0,3.0,Unknown,Unknown,121.87,Unknown,4.55,4.5,Unknown,516
Unknown,Unknown,United States,Austin,Unknown,Unknown,1767.5,1.5,4.5,0.0,Unknown,Unknown,"Live music spills from vibrant bars, food trucks serve up eclectic flavors, and the warm, welcoming vibe makes you feel instantly at home.",Unknown,0.1,Unknown,163cf783-592c-448f-b33c-f28ac7cce617,north_america,30.2711286,97.7436995,Mid-range,4.0,3.0,3.0,1.0,5.0,5.0,3.0,4.0,2.0,Unknown,Unknown,121.87,Unknown,4.55,4.5,Unknown,316
Unknown,Unknown,American Samoa,Pago Pago,Unknown,Unknown,1767.5,1.5,4.5,0.0,Unknown,Unknown,"Lush green mountains meet crystal-clear waters, where laid-back island vibes and vibrant Polynesian culture create a welcoming and serene atmosphere.",Unknown,0.1,Unknown,e3597f71-7e84-47f9-b3f2-567398c8fcdd,oceania,14.2754786,170.7048298,Mid-range,3.0,4.0,5.0,4.0,2.0,3.0,3.0,2.0,4.0,Unknown,Unknown,121.87,Unknown,4.55,4.5,Unknown,338
Unknown,Unknown,Angola,Luanda,Unknown,Unknown,1767.5,1.5,4.5,0.0,Unknown,Unknown,"A bustling port city with vibrant markets, lively music scenes, and a warm coastal breeze that invites exploration and discovery.",Unknown,0.1,Unknown,e8ad2770-6863-4e5c-a993-04884328802e,africa,8.8272699,13.2439512,Mid-range,3.0,3.0,3.0,3.0,3.0,4.0,2.0,3.0,2.0,Unknown,Unknown,121.87,Unknown,4.55,4.5,Unknown,17
Unknown,Unknown,United States,New Orleans,Unknown,Unknown,1767.5,1.5,4.5,0.0,Unknown,Unknown,"Lively streets echo with jazz, while the scent of Creole cuisine fills the air, creating a vibrant and soulful experience.",Unknown,0.1,Unknown,ae842628-e555-44fe-881f-93ac5378c589,north_america,29.9759983,90.0782127,Mid-range,5.0,3.0,2.0,2.0,5.0,5.0,3.0,4.0,2.0,Unknown,Unknown,121.87,Unknown,4.55,4.5,Unknown,320
Unknown,Unknown,Indonesia,Raja Ampat,Unknown,Unknown,1767.5,1.5,4.5,0.0,Unknown,Unknown,"Crystal-clear waters teeming with vibrant marine life and secluded islands offer a serene escape, perfect for snorkeling and diving enthusiasts seeking adventure.",Unknown,0.1,Unknown,4574d558-f5fa-4e6e-bead-e21b8cf0edcc,asia,0.7125553,130.30344727618905,Luxury,2.0,4.0,5.0,5.0,1.0,3.0,3.0,1.0,5.0,Unknown,Unknown,121.87,Unknown,4.55,4.5,Unknown,247
Unknown,Unknown,Australia,Hamilton Island,Unknown,Unknown,1767.5,1.5,4.5,0.0,Unknown,Unknown,"Turquoise waters and lush landscapes create a serene escape, where gentle sea breezes and vibrant sunsets offer a perfect island retreat.",Unknown,0.1,Unknown,fa34b503-34f8-42a2-b918-a96c507e1378,oceania,20.3546262,148.9560518,Luxury,2.0,4.0,5.0,5.0,3.0,4.0,4.0,2.0,4.0,Unknown,Unknown,121.87,Unknown,4.55,4.5,Unknown,509
Unknown,Unknown,Australia,Melbourne,Unknown,Unknown,1767.5,1.5,4.5,0.0,Unknown,Unknown,"A vibrant mix of street art, diverse cuisine, and lively laneways create an atmosphere that's both exciting and warmly inviting.",Unknown,0.1,Unknown,677fa6ef-b91a-4438-a73d-d497fc7cf2d8,oceania,37.8142454,144.9631732,Mid-range,5.0,3.0,3.0,3.0,4.0,5.0,4.0,5.0,2.0,Unknown,Unknown,121.87,Unknown,4.55,4.5,Unknown,67
Unknown,Unknown,Mexico,Puebla,Unknown,Unknown,1767.5,1.5,4.5,0.0,Unknown,Unknown,"Cobblestone streets filled with vibrant colors, lively markets, and the aroma of rich mole create an inviting and warm atmosphere.",Unknown,0.1,Unknown,32ad5264-2d93-468d-84a0-f816c4833366,north_america,18.833333,98.0,Mid-range,5.0,3.0,3.0,1.0,3.0,5.0,3.0,4.0,2.0,Unknown,Unknown,121.87,Unknown,4.55,4.5,Unknown,215
Unknown,Unknown,United States,Richmond,Unknown,Unknown,1767.5,1.5,4.5,0.0,Unknown,Unknown,"Historic streets lined with charming brick buildings, vibrant art scenes, and the gentle flow of the James River create a welcoming atmosphere.",Unknown,0.1,Unknown,1a3cc3d3-d65f-481f-acc0-424bd9c3210e,north_america,37.5385087,77.43428,Mid-range,4.0,3.0,3.0,2.0,3.0,4.0,3.0,3.0,3.0,Unknown,Unknown,121.87,Unknown,4.55,4.5,Unknown,304
Unknown,Unknown,Barbados,Bridgetown,Unknown,Unknown,1767.5,1.5,4.5,0.0,Unknown,Unknown,"Warm ocean breezes mingle with the rhythmic beats of calypso music, creating an inviting atmosphere perfect for unwinding and exploration.",Unknown,0.1,Unknown,5324f69c-3393-469d-b375-8f6e92fa085a,north_america,13.0977832,59.6184184,Mid-range,3.0,3.0,4.0,5.0,4.0,4.0,4.0,3.0,2.0,Unknown,Unknown,121.87,Unknown,4.55,4.5,Unknown,545
Unknown,Unknown,Mexico,Oaxaca City,Unknown,Unknown,1767.5,1.5,4.5,0.0,Unknown,Unknown,Colorful streets filled with vibrant markets and the aroma of rich mole sauces create a warm and inviting cultural tapestry.,Unknown,0.1,Unknown,fe145875-322b-408f-8ce9-f4d04baf00a7,north_america,17.0604663,96.7253575,Mid-range,5.0,3.0,3.0,1.0,3.0,5.0,3.0,3.0,3.0,Unknown,Unknown,121.87,Unknown,4.55,4.5,Unknown,237
Unknown,Unknown,Spain,San Sebastián,Unknown,Unknown,1767.5,1.5,4.5,0.0,Unknown,Unknown,"Golden beaches meet vibrant pintxo bars and lush green hills, creating a lively yet laid-back atmosphere perfect for unwinding and exploring.",Unknown,0.1,Unknown,bf232406-1a85-47a5-9287-6ba81272a3f0,europe,43.3224219,1.9838889,Mid-range,4.0,3.0,3.0,5.0,4.0,5.0,3.0,3.0,2.0,Unknown,Unknown,121.87,Unknown,4.55,4.5,Unknown,286
Unknown,Unknown,United States,Sedona,Unknown,Unknown,1767.5,1.5,4.5,0.0,Unknown,Unknown,"Red rock formations create a stunning backdrop for peaceful hikes, art galleries, and spiritual retreats, offering a serene escape from the everyday hustle.",Unknown,0.1,Unknown,2216dc6e-cb6a-4107-b6ea-dceebd9a53eb,north_america,34.8688613,111.7614394,Mid-range,3.0,4.0,5.0,1.0,2.0,3.0,5.0,2.0,4.0,Unknown,Unknown,121.87,Unknown,4.55,4.5,Unknown,419
Unknown,Unknown,Benin,Cotonou,Unknown,Unknown,1767.5,1.5,4.5,0.0,Unknown,Unknown,"Bustling markets, vibrant street life, and warm coastal breezes create an inviting atmosphere filled with rich cultural experiences and local charm.",Unknown,0.1,Unknown,5a944377-dccf-4cc1-9234-de053e9cc1d2,africa,6.3676953,2.4252507,Budget,4.0,3.0,3.0,3.0,3.0,4.0,2.0,3.0,3.0,Unknown,Unknown,121.87,Unknown,4.55,4.5,Unknown,96
Unknown,Unknown,Bosnia and Herzegovina,Sarajevo,Unknown,Unknown,1767.5,1.5,4.5,0.0,Unknown,Unknown,"Cobblestone streets echo with the sound of church bells and the call to prayer, creating a unique blend of cultures and histories.",Unknown,0.1,Unknown,9ea78120-75de-4bce-b095-fb0811a3294f,europe,43.8519774,18.3866868,Budget,4.0,3.0,3.0,1.0,3.0,4.0,3.0,3.0,3.0,Unknown,Unknown,121.87,Unknown,4.55,4.5,Unknown,212
Unknown,Unknown,Albania,Tirana,Unknown,Unknown,1767.5,1.5,4.5,0.0,Unknown,Unknown,"Vibrant streets filled with eclectic architecture, lively markets, and welcoming locals create an inviting atmosphere that feels both dynamic and laid-back.",Unknown,0.1,Unknown,dfed6949-406d-4064-8c2e-5c794ded2e27,europe,41.3281482,19.8184435,Budget,3.0,3.0,3.0,2.0,3.0,3.0,3.0,3.0,2.0,Unknown,Unknown,121.87,Unknown,4.55,4.5,Unknown,520
Unknown,Unknown,Brazil,Rio de Janeiro,Unknown,Unknown,1767.5,1.5,4.5,0.0,Unknown,Unknown,"Vibrant streets pulse with samba rhythms, stunning beaches meet lush mountains, and every corner offers a burst of color and life.",Unknown,0.1,Unknown,8221d5a5-e813-4993-9bf6-c2bac26d0cb8,south_america,22.9110137,43.2093727,Mid-range,4.0,4.0,5.0,5.0,5.0,4.0,3.0,4.0,2.0,Unknown,Unknown,121.87,Unknown,4.55,4.5,Unknown,526
Unknown,Unknown,Brazil,Curitiba,Unknown,Unknown,1767.5,1.5,4.5,0.0,Unknown,Unknown,"Lush parks, innovative urban design, and a blend of cultures create a refreshing and vibrant cityscape that feels both modern and welcoming.",Unknown,0.1,Unknown,056161c2-b2c6-40f9-8546-bef688dd90e7,south_america,25.4295963,49.2712724,Mid-range,4.0,3.0,4.0,1.0,3.0,4.0,3.0,4.0,3.0,Unknown,Unknown,121.87,Unknown,4.55,4.5,Unknown,358
Unknown,Unknown,Cambodia,Phnom Penh,Unknown,Unknown,1767.5,1.5,4.5,0.0,Unknown,Unknown,"Bustling streets filled with the aroma of street food, vibrant markets, and a rich tapestry of history create an unforgettable atmosphere.",Unknown,0.1,Unknown,12ffe1e2-6387-46d6-8bbb-267855faf5f8,asia,11.5730391,104.857807,Budget,4.0,3.0,2.0,1.0,3.0,4.0,2.0,3.0,2.0,Unknown,Unknown,121.87,Unknown,4.55,4.5,Unknown,109
Unknown,Unknown,Morocco,Fès,Unknown,Unknown,1767.5,1.5,4.5,0.0,Unknown,Unknown,"Winding alleys filled with vibrant souks, the aroma of spices, and the sound of artisans at work create an enchanting, timeless atmosphere.",Unknown,0.1,Unknown,807e0033-d4ff-4257-bcbc-60da406b8e4d,africa,34.0346534,5.0161926,Budget,5.0,2.0,2.0,1.0,2.0,4.0,3.0,3.0,3.0,Unknown,Unknown,121.87,Unknown,4.55,4.5,Unknown,560
Unknown,Unknown,Canada,Toronto,Unknown,Unknown,1767.5,1.5,4.5,0.0,Unknown,Unknown,"Dynamic streets buzzing with diverse cultures, vibrant art scenes, and a skyline that hugs the shimmering lake make for an inviting urban experience.",Unknown,0.1,Unknown,ab9a9d64-58c2-4cb0-a9ad-81ed9b17cd69,north_america,43.6534817,79.3839347,Mid-range,4.0,3.0,3.0,2.0,4.0,4.0,3.0,5.0,2.0,Unknown,Unknown,121.87,Unknown,4.55,4.5,Unknown,257
Unknown,Unknown,Italy,Lucca,Unknown,Unknown,1767.5,1.5,4.5,0.0,Unknown,Unknown,"Wander through cobblestone streets surrounded by ancient walls, where charming piazzas and the aroma of fresh Italian cuisine fill the air.",Unknown,0.1,Unknown,749963fe-2962-4ffe-b78a-391afdd6a7bf,europe,44.017763900000006,10.454430026192636,Mid-range,4.0,2.0,3.0,2.0,2.0,4.0,3.0,3.0,4.0,Unknown,Unknown,121.87,Unknown,4.55,4.5,Unknown,533
Unknown,Unknown,Canada,Edmonton,Unknown,Unknown,1767.5,1.5,4.5,0.0,Unknown,Unknown,"Wide-open streets, a lively arts scene, and vibrant festivals create a welcoming atmosphere that feels both dynamic and comfortably laid-back.",Unknown,0.1,Unknown,ab8dc374-5acd-430f-b940-7885899ef8c5,north_america,53.5462055,113.491241,Mid-range,4.0,3.0,4.0,1.0,3.0,3.0,3.0,3.0,2.0,Unknown,Unknown,121.87,Unknown,4.55,4.5,Unknown,556
Unknown,Unknown,Spain,Barcelona,Unknown,Unknown,1767.5,1.5,4.5,0.0,Unknown,Unknown,"Vibrant streets filled with Gaudí's whimsical architecture, lively tapas bars, and the warm Mediterranean breeze create an inviting and dynamic atmosphere.",Unknown,0.1,Unknown,3c6506e6-c494-4622-aba3-2ba895530c7a,europe,41.3828939,2.1774322,Mid-range,5.0,3.0,3.0,4.0,5.0,5.0,3.0,5.0,2.0,Unknown,Unknown,121.87,Unknown,4.55,4.5,Unknown,518
Unknown,Unknown,Canada,Banff,Unknown,Unknown,1767.5,1.5,4.5,0.0,Unknown,Unknown,"Majestic mountains, crystal-clear lakes, and fresh alpine air create a breathtakingly serene atmosphere, perfect for nature lovers and adventure seekers alike.",Unknown,0.1,Unknown,75c6f7c9-5c87-464a-9c28-c91ecd55da98,north_america,51.175076,115.5720773,Luxury,3.0,5.0,5.0,1.0,2.0,3.0,4.0,2.0,4.0,Unknown,Unknown,121.87,Unknown,4.55,4.5,Unknown,372
Unknown,Unknown,Mozambique,Maputo,Unknown,Unknown,1767.5,1.5,4.5,0.0,Unknown,Unknown,"Bustling markets, vibrant street life, and the rhythmic sounds of local music create a lively and colorful atmosphere to explore.",Unknown,0.1,Unknown,a4f86f85-430e-400a-bda5-315c7bdefd57,africa,25.966213,32.56745,Mid-range,3.0,3.0,4.0,4.0,3.0,4.0,3.0,3.0,2.0,Unknown,Unknown,121.87,Unknown,4.55,4.5,Unknown,95
Unknown,Unknown,Tanzania,Dar es Salaam,Unknown,Unknown,1767.5,1.5,4.5,0.0,Unknown,Unknown,"Lively markets, vibrant street life, and the warm Indian Ocean breeze create a dynamic and welcoming atmosphere full of local charm.",Unknown,0.1,Unknown,a010e07c-cf4b-4cf9-8b08-40df2094addd,africa,6.8160837,39.2803583,Budget,4.0,3.0,4.0,4.0,3.0,4.0,3.0,3.0,2.0,Unknown,Unknown,121.87,Unknown,4.55,4.5,Unknown,318
Unknown,Unknown,Bermuda,Hamilton,Unknown,Unknown,1767.5,1.5,4.5,0.0,Unknown,Unknown,"Charming streets lined with pastel buildings and the gentle sea breeze create a laid-back, yet vibrant island atmosphere.",Unknown,0.1,Unknown,61a3b6e3-f03f-42e4-b10d-80a3d1aec106,north_america,32.2942679,64.7853167,Luxury,3.0,3.0,4.0,5.0,3.0,4.0,4.0,3.0,2.0,Unknown,Unknown,121.87,Unknown,4.55,4.5,Unknown,192
Unknown,Unknown,Chile,Santiago de Chile,Unknown,Unknown,1767.5,1.5,4.5,0.0,Unknown,Unknown,"A vibrant city where modern skyscrapers meet historic streets, offering stunning mountain views and a lively cultural scene full of energy.",Unknown,0.1,Unknown,5cf8ffe5-b559-43a9-a030-fcf73b09400b,south_america,33.4377756,70.6504502,Mid-range,4.0,4.0,4.0,2.0,4.0,4.0,3.0,4.0,2.0,Unknown,Unknown,121.87,Unknown,4.55,4.5,Unknown,63
Unknown,Unknown,China,Shanghai,Unknown,Unknown,1767.5,1.5,4.5,0.0,Unknown,Unknown,"Vibrant streets pulse with energy, blending futuristic skyscrapers with ancient temples, while enticing aromas from street food stalls fill the air.",Unknown,0.1,Unknown,273ff2d2-80b8-4886-81e4-1908a11e6f5a,asia,31.2312707,121.4700152,Mid-range,5.0,3.0,2.0,1.0,5.0,5.0,3.0,5.0,2.0,Unknown,Unknown,121.87,Unknown,4.55,4.5,Unknown,524
Unknown,Unknown,Nepal,Kathmandu,Unknown,Unknown,1767.5,1.5,4.5,0.0,Unknown,Unknown,"Nestled in a valley surrounded by towering peaks, the city buzzes with vibrant markets, ancient temples, and the aroma of spices.",Unknown,0.1,Unknown,459b1d00-2b6e-4158-afe5-e091350990fe,asia,27.708317,85.3205817,Budget,5.0,4.0,4.0,1.0,2.0,4.0,3.0,3.0,2.0,Unknown,Unknown,121.87,Unknown,4.55,4.5,Unknown,404
Unknown,Unknown,New Zealand,Auckland,Unknown,Unknown,1767.5,1.5,4.5,0.0,Unknown,Unknown,"A lively harbor city where lush landscapes meet urban sophistication, offering a vibrant mix of cultures, flavors, and stunning coastal views.",Unknown,0.1,Unknown,60ac5495-4952-41a0-a2e8-d321d2f23a4d,oceania,36.852095,174.7631803,Mid-range,3.0,4.0,4.0,3.0,4.0,4.0,3.0,4.0,2.0,Unknown,Unknown,121.87,Unknown,4.55,4.5,Unknown,46
Unknown,Unknown,Canada,Québec City,Unknown,Unknown,1767.5,1.5,4.5,0.0,Unknown,Unknown,"Cobblestone streets and historic architecture create a charming, old-world atmosphere, while the aroma of fresh pastries fills the crisp air.",Unknown,0.1,Unknown,77b02e0f-770c-4fa7-b0a5-7cde588b203d,north_america,46.8137431,71.2084061,Mid-range,5.0,3.0,4.0,2.0,3.0,4.0,3.0,3.0,3.0,Unknown,Unknown,121.87,Unknown,4.55,4.5,Unknown,210
Unknown,Unknown,Colombia,Bogotá,Unknown,Unknown,1767.5,1.5,4.5,0.0,Unknown,Unknown,"A vibrant mix of colonial charm and modern energy, with bustling markets, rich history, and stunning mountain views that invigorate the senses.",Unknown,0.1,Unknown,ca07286f-3b0c-4fd3-acae-444e7514def0,south_america,4.6533816,74.0836333,Mid-range,4.0,3.0,3.0,1.0,4.0,4.0,3.0,4.0,2.0,Unknown,Unknown,121.87,Unknown,4.55,4.5,Unknown,66
Unknown,Unknown,Cook Islands,Avarua,Unknown,Unknown,1767.5,1.5,4.5,0.0,Unknown,Unknown,"Tropical breezes and stunning ocean views create a laid-back island vibe, inviting you to unwind and soak in the serene beauty.",Unknown,0.1,Unknown,db0dcdf1-2bea-470f-935f-2c98bd125592,oceania,21.2074736,159.7708145,Mid-range,3.0,3.0,4.0,5.0,2.0,3.0,4.0,2.0,4.0,Unknown,Unknown,121.87,Unknown,4.55,4.5,Unknown,499
Unknown,Unknown,Turkey,Izmir,Unknown,Unknown,1767.5,1.5,4.5,0.0,Unknown,Unknown,"Coastal breezes carry the scent of the sea through bustling markets and lively streets, offering a vibrant yet laid-back Mediterranean vibe.",Unknown,0.1,Unknown,ae02cf5f-1483-4054-9122-186c5eb08664,asia,38.23166,27.02997,Mid-range,4.0,3.0,3.0,4.0,3.0,4.0,3.0,4.0,2.0,Unknown,Unknown,121.87,Unknown,4.55,4.5,Unknown,204
Unknown,Unknown,North Macedonia,Skopje,Unknown,Unknown,1767.5,1.5,4.5,0.0,Unknown,Unknown,"Wandering through eclectic streets, you'll encounter a blend of ancient history and modern quirks, with vibrant markets and grand statues at every turn.",Unknown,0.1,Unknown,ba4d54dd-0e8d-4039-aad9-1f246fdacadb,europe,41.9961816,21.4319213,Budget,4.0,3.0,3.0,1.0,3.0,3.0,2.0,3.0,3.0,Unknown,Unknown,121.87,Unknown,4.55,4.5,Unknown,540
Unknown,Unknown,Colombia,Cartagena,Unknown,Unknown,1767.5,1.5,4.5,0.0,Unknown,Unknown,"Winding cobblestone streets, vibrant colonial architecture, and the rhythmic sound of salsa create a lively and colorful coastal atmosphere.",Unknown,0.1,Unknown,38c4cd22-ea4a-4ae1-961b-939933868829,south_america,10.4265566,75.5441671,Mid-range,5.0,3.0,3.0,4.0,4.0,4.0,3.0,4.0,2.0,Unknown,Unknown,121.87,Unknown,4.55,4.5,Unknown,566
Unknown,Unknown,Croatia,Dubrovnik,Unknown,Unknown,1767.5,1.5,4.5,0.0,Unknown,Unknown,"Wander through ancient stone streets, bask in the Adriatic sun, and feel the blend of history and sea breeze at every corner.",Unknown,0.1,Unknown,32c4ac7c-550f-417c-afcc-a1dc2b183e8f,europe,42.6491029,18.0939501,Mid-range,5.0,3.0,4.0,4.0,3.0,4.0,3.0,3.0,2.0,Unknown,Unknown,121.87,Unknown,4.55,4.5,Unknown,530
Unknown,Unknown,Norway,Bergen,Unknown,Unknown,1767.5,1.5,4.5,0.0,Unknown,Unknown,"Charming waterfront views, colorful wooden houses, and the fresh scent of sea air make this coastal city feel both cozy and invigorating.",Unknown,0.1,Unknown,f139e95f-1d18-40b9-a7f0-f8d908c05e53,europe,60.3943055,5.3259192,Luxury,4.0,4.0,5.0,2.0,3.0,3.0,3.0,3.0,4.0,Unknown,Unknown,121.87,Unknown,4.55,4.5,Unknown,197
Unknown,Unknown,Panama,Bocas del Toro,Unknown,Unknown,1767.5,1.5,4.5,0.0,Unknown,Unknown,"Crystal-clear waters lap against palm-fringed beaches, while vibrant marine life and laid-back island vibes create an unforgettable tropical escape.",Unknown,0.1,Unknown,6a0bce48-86be-4f4c-9106-9308a936d565,north_america,9.26847485,81.99322424821933,Mid-range,3.0,4.0,5.0,5.0,3.0,3.0,3.0,2.0,4.0,Unknown,Unknown,121.87,Unknown,4.55,4.5,Unknown,244
Unknown,Unknown,Dominican Republic,Santo Domingo,Unknown,Unknown,1767.5,1.5,4.5,0.0,Unknown,Unknown,"Lively streets filled with the sound of merengue, colonial architecture, and the aroma of local cuisine create an inviting and vibrant atmosphere.",Unknown,0.1,Unknown,7c623237-bc71-4ba0-ae74-a64b0201eeba,north_america,18.4801972,69.942111,Mid-range,4.0,3.0,3.0,4.0,4.0,4.0,3.0,4.0,2.0,Unknown,Unknown,121.87,Unknown,4.55,4.5,Unknown,328
Unknown,Unknown,Ecuador,Baños,Unknown,Unknown,1767.5,1.5,4.5,0.0,Unknown,Unknown,"Lush green mountains, steaming thermal pools, and the thrill of adventure sports create an exhilarating yet serene escape in this enchanting town.",Unknown,0.1,Unknown,198847d2-1823-4b9d-98dc-c9b9d22eb768,south_america,1.33191575,78.26252853850661,Budget,3.0,5.0,5.0,1.0,3.0,3.0,4.0,2.0,4.0,Unknown,Unknown,121.87,Unknown,4.55,4.5,Unknown,340
Unknown,Unknown,Egypt,Cairo,Unknown,Unknown,1767.5,1.5,4.5,0.0,Unknown,Unknown,"Bustling streets filled with vibrant markets, the aroma of spices, and the awe-inspiring sight of ancient pyramids create an unforgettable experience.",Unknown,0.1,Unknown,24446934-6d3a-4d1d-89e6-82c8337fd26c,africa,30.0443879,31.2357257,Budget,5.0,3.0,3.0,2.0,3.0,4.0,3.0,4.0,2.0,Unknown,Unknown,121.87,Unknown,4.55,4.5,Unknown,114
Unknown,Unknown,Peru,Iquitos,Unknown,Unknown,1767.5,1.5,4.5,0.0,Unknown,Unknown,"Lush rainforests, vibrant markets, and the hum of riverboats create an atmosphere buzzing with life and natural wonder.",Unknown,0.1,Unknown,1c516349-193b-4421-9959-ad6cefe95efd,south_america,3.749365,73.2444145,Budget,3.0,5.0,5.0,1.0,2.0,3.0,2.0,2.0,4.0,Unknown,Unknown,121.87,Unknown,4.55,4.5,Unknown,364
Unknown,Unknown,United States,Charlotte,Unknown,Unknown,1767.5,1.5,4.5,0.0,Unknown,Unknown,"Bustling streets lined with towering trees, vibrant arts scenes, and a warm Southern hospitality create a welcoming and lively atmosphere.",Unknown,0.1,Unknown,2ebb8f10-653a-47d5-a403-f7a441bbc0a4,north_america,35.2272086,80.8430827,Mid-range,3.0,3.0,3.0,1.0,3.0,3.0,3.0,4.0,2.0,Unknown,Unknown,121.87,Unknown,4.55,4.5,Unknown,116
Unknown,Unknown,France,Marseille,Unknown,Unknown,1767.5,1.5,4.5,0.0,Unknown,Unknown,"A lively port city with Mediterranean flair, bustling markets, and a mix of historic charm and modern vibrancy, offering endless exploration.",Unknown,0.1,Unknown,caf79b01-70b6-450b-9601-66fdadb8df39,europe,43.2961743,5.3699525,Mid-range,4.0,3.0,3.0,3.0,4.0,4.0,3.0,4.0,2.0,Unknown,Unknown,121.87,Unknown,4.55,4.5,Unknown,50
Unknown,Unknown,Equatorial Guinea,Malabo,Unknown,Unknown,1767.5,1.5,4.5,0.0,Unknown,Unknown,"Tropical breezes mingle with the vibrant energy of colorful markets and lively streets, offering a warm and welcoming cultural experience.",Unknown,0.1,Unknown,a93b9a93-c474-483c-9d27-8bb1f8b0090c,africa,3.741877,8.7740663,Mid-range,3.0,3.0,4.0,3.0,2.0,3.0,2.0,2.0,4.0,Unknown,Unknown,121.87,Unknown,4.55,4.5,Unknown,502
Unknown,Unknown,Eswatini,Mbabane,Unknown,Unknown,1767.5,1.5,4.5,0.0,Unknown,Unknown,"Surrounded by lush mountains, the city offers a relaxed atmosphere where vibrant markets and friendly locals create an inviting experience.",Unknown,0.1,Unknown,c7d691ad-b361-404d-a6e4-ab4f7a4120c8,africa,26.325745,31.144663,Budget,3.0,3.0,4.0,1.0,2.0,3.0,3.0,2.0,4.0,Unknown,Unknown,121.87,Unknown,4.55,4.5,Unknown,479
Unknown,Unknown,Bulgaria,Sofia,Unknown,Unknown,1767.5,1.5,4.5,0.0,Unknown,Unknown,"Charming streets lined with eclectic architecture and vibrant markets invite you to immerse in a blend of history, culture, and modern energy.",Unknown,0.1,Unknown,ad6338c1-1ad3-4f1c-8c78-26d7c86078fd,europe,42.6977028,23.3217359,Budget,4.0,3.0,3.0,1.0,3.0,4.0,3.0,3.0,2.0,Unknown,Unknown,121.87,Unknown,4.55,4.5,Unknown,182
Unknown,Unknown,San Marino,San Marino,Unknown,Unknown,1767.5,1.5,4.5,0.0,Unknown,Unknown,"Perched atop rolling hills, this charming enclave offers medieval towers, cobblestone streets, and sweeping vistas, inviting a leisurely exploration of its storied past.",Unknown,0.1,Unknown,6d6a0097-d1d4-40f0-b2ae-28d0c9ab9dfc,europe,43.9458623,12.458306,Mid-range,4.0,2.0,3.0,1.0,2.0,3.0,2.0,3.0,4.0,Unknown,Unknown,121.87,Unknown,4.55,4.5,Unknown,411
Unknown,Unknown,Germany,Berlin,Unknown,Unknown,1767.5,1.5,4.5,0.0,Unknown,Unknown,"Eclectic streets filled with history, art, and a dynamic cultural scene create an atmosphere that's both invigorating and deeply engaging.",Unknown,0.1,Unknown,45c083b3-fc34-4d42-b74a-cd9dffe4156a,europe,52.510885,13.3989367,Mid-range,5.0,3.0,2.0,1.0,5.0,4.0,3.0,5.0,2.0,Unknown,Unknown,121.87,Unknown,4.55,4.5,Unknown,259
Unknown,Unknown,Finland,Helsinki,Unknown,Unknown,1767.5,1.5,4.5,0.0,Unknown,Unknown,"A blend of modern design and serene nature, where crisp air and cozy cafes invite you to unwind and explore.",Unknown,0.1,Unknown,9f3e50a0-752d-42f5-b129-72d7880beab7,europe,60.1674881,24.9427473,Mid-range,4.0,3.0,4.0,2.0,3.0,4.0,4.0,4.0,3.0,Unknown,Unknown,121.87,Unknown,4.55,4.5,Unknown,6
Unknown,Unknown,Poland,Warsaw,Unknown,Unknown,1767.5,1.5,4.5,0.0,Unknown,Unknown,"Historic streets blend with modern vibes, where cozy cafes and vibrant squares invite leisurely strolls and a taste of local culture.",Unknown,0.1,Unknown,8cc00822-8c1e-4446-ba89-0a35128ad69a,europe,52.2337172,21.071432235636493,Mid-range,4.0,2.0,3.0,1.0,4.0,4.0,3.0,4.0,2.0,Unknown,Unknown,121.87,Unknown,4.55,4.5,Unknown,301
Unknown,Unknown,Italy,Verona,Unknown,Unknown,1767.5,1.5,4.5,0.0,Unknown,Unknown,"Charming streets with a romantic vibe, historic architecture, and cozy piazzas invite leisurely strolls and delightful discoveries at every turn.",Unknown,0.1,Unknown,be181851-282e-409b-9626-1da82ed060f5,europe,45.4424977,10.985737689444765,Mid-range,5.0,2.0,3.0,1.0,3.0,4.0,3.0,4.0,3.0,Unknown,Unknown,121.87,Unknown,4.55,4.5,Unknown,195
Unknown,Unknown,France,Annecy,Unknown,Unknown,1767.5,1.5,4.5,0.0,Unknown,Unknown,"Charming canals and cobblestone streets weave through a picturesque town, surrounded by stunning alpine views and the serene waters of a crystal-clear lake.",Unknown,0.1,Unknown,3a70dff6-b805-4e41-accf-480d43ed6ba7,europe,45.8992348,6.1288847,Mid-range,4.0,4.0,5.0,3.0,3.0,4.0,3.0,3.0,4.0,Unknown,Unknown,121.87,Unknown,4.55,4.5,Unknown,119
Unknown,Unknown,Sri Lanka,Colombo,Unknown,Unknown,1767.5,1.5,4.5,0.0,Unknown,Unknown,"Lively streets filled with the aroma of spices, historic temples, and a coastal breeze create a vibrant and welcoming atmosphere.",Unknown,0.1,Unknown,2f3a6926-553f-4d7a-acf8-5b17af6f2e93,asia,6.9388614,79.8542005,Budget,4.0,3.0,3.0,3.0,3.0,4.0,3.0,4.0,2.0,Unknown,Unknown,121.87,Unknown,4.55,4.5,Unknown,327
Unknown,Unknown,Australia,Fraser Island,Unknown,Unknown,1767.5,1.5,4.5,0.0,Unknown,Unknown,"Endless stretches of sandy beaches, lush rainforests, and crystal-clear freshwater lakes create a serene escape filled with natural wonders and tranquility.",Unknown,0.1,Unknown,25b9fbd9-78cb-4b0c-a050-2488c9431275,oceania,25.24672,153.1468044,Mid-range,2.0,5.0,5.0,5.0,1.0,2.0,3.0,1.0,4.0,Unknown,Unknown,121.87,Unknown,4.55,4.5,Unknown,263
Unknown,Unknown,Senegal,Dakar,Unknown,Unknown,1767.5,1.5,4.5,0.0,Unknown,Unknown,"Bustling markets, rhythmic music, and vibrant street life create an energetic atmosphere that's both captivating and welcoming.",Unknown,0.1,Unknown,8394f9fd-03fe-4dca-9e73-4598909d2450,africa,14.693425,17.447938,Mid-range,4.0,3.0,3.0,4.0,3.0,4.0,3.0,3.0,2.0,Unknown,Unknown,121.87,Unknown,4.55,4.5,Unknown,93
Unknown,Unknown,Jordan,Wadi Rum,Unknown,Unknown,1767.5,1.5,4.5,0.0,Unknown,Unknown,"Expansive red sands and towering sandstone cliffs create a surreal landscape, inviting exploration and offering moments of profound tranquility under star-filled skies.",Unknown,0.1,Unknown,5f6b28e0-a6a1-4665-81ca-ebb074134424,middle_east,29.5084443,35.3362154,Mid-range,3.0,5.0,5.0,1.0,1.0,3.0,3.0,1.0,5.0,Unknown,Unknown,121.87,Unknown,4.55,4.5,Unknown,269
Unknown,Unknown,Germany,Munich,Unknown,Unknown,1767.5,1.5,4.5,0.0,Unknown,Unknown,"Historic streets filled with the aroma of pretzels and beer, vibrant festivals, and a charming blend of tradition and modernity await.",Unknown,0.1,Unknown,d7e45496-f17a-4187-a9a5-ce30958370bf,europe,48.1371079,11.5753822,Mid-range,5.0,3.0,3.0,1.0,4.0,4.0,3.0,5.0,2.0,Unknown,Unknown,121.87,Unknown,4.55,4.5,Unknown,303
Unknown,Unknown,Germany,Freiburg,Unknown,Unknown,1767.5,1.5,4.5,0.0,Unknown,Unknown,"Charming cobblestone streets, lush greenery, and a welcoming vibe create a perfect blend of nature and history, inviting you to explore leisurely.",Unknown,0.1,Unknown,139d05b0-435f-42e5-850f-3aa57ac0fefb,europe,47.9960901,7.8494005,Mid-range,4.0,3.0,5.0,1.0,3.0,3.0,3.0,3.0,4.0,Unknown,Unknown,121.87,Unknown,4.55,4.5,Unknown,155
Unknown,Unknown,Singapore,Singapore,Unknown,Unknown,1767.5,1.5,4.5,0.0,Unknown,Unknown,"A bustling cityscape where futuristic architecture meets lush green spaces, offering a vibrant blend of cultures and flavors at every corner.",Unknown,0.1,Unknown,155b4225-a616-4f5e-ad82-a692458165d1,asia,1.2899175,103.8519072,Luxury,4.0,3.0,3.0,3.0,4.0,5.0,4.0,5.0,2.0,Unknown,Unknown,121.87,Unknown,4.55,4.5,Unknown,13
Unknown,Unknown,Slovenia,Piran,Unknown,Unknown,1767.5,1.5,4.5,0.0,Unknown,Unknown,Charming cobblestone streets lead you through a town where the sea breeze mingles with the aroma of fresh seafood and vibrant markets.,Unknown,0.1,Unknown,5ace1d13-c389-478b-927a-71d8f98a903d,europe,45.5284919,13.5684485,Mid-range,4.0,3.0,4.0,4.0,3.0,4.0,3.0,3.0,4.0,Unknown,Unknown,121.87,Unknown,4.55,4.5,Unknown,141
Unknown,Unknown,Malta,Valletta,Unknown,Unknown,1767.5,1.5,4.5,0.0,Unknown,Unknown,Sun-drenched streets lined with baroque architecture and vibrant markets create a charming blend of history and lively Mediterranean spirit.,Unknown,0.1,Unknown,771fda85-870b-4dcb-ad42-763aa6a6fbb0,europe,35.8989979,14.5136607,Mid-range,5.0,2.0,3.0,3.0,3.0,4.0,3.0,3.0,2.0,Unknown,Unknown,121.87,Unknown,4.55,4.5,Unknown,471
Unknown,Unknown,Greece,Thessaloniki,Unknown,Unknown,1767.5,1.5,4.5,0.0,Unknown,Unknown,"Lively waterfronts, aromatic tavernas, and ancient ruins blend seamlessly with a youthful energy that invites exploration and leisurely enjoyment.",Unknown,0.1,Unknown,12720905-6c3e-4a3f-a805-6b30460843b6,europe,40.6403167,22.9352716,Mid-range,4.0,3.0,3.0,3.0,4.0,5.0,3.0,4.0,2.0,Unknown,Unknown,121.87,Unknown,4.55,4.5,Unknown,331
Unknown,Unknown,Guyana,Georgetown,Unknown,Unknown,1767.5,1.5,4.5,0.0,Unknown,Unknown,"Lush greenery and colonial architecture meet vibrant local markets and a lively Caribbean vibe, offering a unique and welcoming atmosphere.",Unknown,0.1,Unknown,283c7ec9-07c6-4f35-a986-495aea46ee15,south_america,6.8137426,58.1624465,Budget,4.0,4.0,5.0,2.0,3.0,3.0,3.0,3.0,4.0,Unknown,Unknown,121.87,Unknown,4.55,4.5,Unknown,341
Unknown,Unknown,South Korea,Jeju Island,Unknown,Unknown,1767.5,1.5,4.5,0.0,Unknown,Unknown,"Lush green landscapes, volcanic craters, and serene beaches create a tranquil escape, perfect for soaking in natural beauty and peaceful vibes.",Unknown,0.1,Unknown,2756e007-9330-4d8c-8e7c-1cb2bfd5a1fe,asia,33.38034745,126.54825445912049,Mid-range,3.0,4.0,5.0,4.0,3.0,4.0,4.0,2.0,4.0,Unknown,Unknown,121.87,Unknown,4.55,4.5,Unknown,336
Unknown,Unknown,Spain,Valencia,Unknown,Unknown,1767.5,1.5,4.5,0.0,Unknown,Unknown,"Sun-drenched streets lined with orange trees, vibrant markets, and a seamless blend of ancient history and modern art create a captivating atmosphere.",Unknown,0.1,Unknown,df9d25a4-a439-4fe3-9b2a-1f1caba531b9,europe,39.4697065,0.3763353,Mid-range,4.0,3.0,4.0,4.0,4.0,5.0,3.0,4.0,3.0,Unknown,Unknown,121.87,Unknown,4.55,4.5,Unknown,472
Unknown,Unknown,Vietnam,Hoi An,Unknown,Unknown,1767.5,1.5,4.5,0.0,Unknown,Unknown,"Charming lantern-lit streets, bustling markets, and the scent of fresh herbs create an inviting atmosphere that feels both timeless and vibrant.",Unknown,0.1,Unknown,45ad5739-256e-4580-aead-6148dc11f958,asia,15.8795863,108.3319406,Budget,5.0,3.0,3.0,3.0,2.0,5.0,3.0,2.0,4.0,Unknown,Unknown,121.87,Unknown,4.55,4.5,Unknown,173
Unknown,Unknown,Hungary,Budapest,Unknown,Unknown,1767.5,1.5,4.5,0.0,Unknown,Unknown,"Charming streets lined with historic architecture and lively ruin bars create a welcoming vibe, where tradition meets a vibrant, modern energy.",Unknown,0.1,Unknown,c7b3c669-a693-485a-96ec-6b1147b80d11,europe,47.48138955,19.14609412691246,Mid-range,5.0,3.0,3.0,1.0,5.0,4.0,5.0,4.0,2.0,Unknown,Unknown,121.87,Unknown,4.55,4.5,Unknown,186
Unknown,Unknown,Indonesia,Yogyakarta,Unknown,Unknown,1767.5,1.5,4.5,0.0,Unknown,Unknown,"A vibrant blend of traditional Javanese culture and modern energy, where bustling markets and ancient temples create a rich sensory tapestry.",Unknown,0.1,Unknown,17468e16-e2af-4354-964d-a941191771d7,asia,7.8011998,110.3646608,Budget,5.0,3.0,4.0,2.0,3.0,4.0,3.0,3.0,3.0,Unknown,Unknown,121.87,Unknown,4.55,4.5,Unknown,61
Unknown,Unknown,Monaco,Monaco,Unknown,Unknown,1767.5,1.5,4.5,0.0,Unknown,Unknown,"Glamorous streets lined with luxury cars and yachts, where the Mediterranean breeze mingles with the scent of high-end cuisine and opulence.",Unknown,0.1,Unknown,8418d235-a78e-43fc-bdae-3f7c45ac67ca,europe,43.7323492,7.4276832,Luxury,4.0,2.0,3.0,3.0,5.0,4.0,3.0,5.0,2.0,Unknown,Unknown,121.87,Unknown,4.55,4.5,Unknown,275
Unknown,Unknown,Italy,Rome,Unknown,Unknown,1767.5,1.5,4.5,0.0,Unknown,Unknown,"Ancient ruins stand proudly amidst bustling piazzas, where the aroma of fresh pasta and the echoes of street musicians fill the air.",Unknown,0.1,Unknown,f3126fe6-bf7d-442c-951e-4c59aa34c417,europe,41.8933203,12.4829321,Mid-range,5.0,3.0,3.0,2.0,4.0,5.0,3.0,5.0,2.0,Unknown,Unknown,121.87,Unknown,4.55,4.5,Unknown,78
Unknown,Unknown,Sweden,Stockholm,Unknown,Unknown,1767.5,1.5,4.5,0.0,Unknown,Unknown,"Charming waterfronts, crisp Nordic air, and a seamless blend of old-world charm and modern design create a unique and inviting atmosphere.",Unknown,0.1,Unknown,54ee0cc1-402d-42fc-a453-e5a7d5089247,europe,59.3251172,18.0710935,Luxury,4.0,3.0,4.0,2.0,4.0,4.0,3.0,5.0,3.0,Unknown,Unknown,121.87,Unknown,4.55,4.5,Unknown,198
Unknown,Unknown,Taiwan,Taipei,Unknown,Unknown,1767.5,1.5,4.5,0.0,Unknown,Unknown,"Bustling night markets filled with tantalizing aromas, serene temples, and lush green hills create a vibrant and welcoming atmosphere.",Unknown,0.1,Unknown,9226f6e6-02df-48b5-be28-c7d65ae84d5e,asia,25.0375198,121.5636796,Mid-range,4.0,3.0,3.0,2.0,4.0,5.0,3.0,4.0,2.0,Unknown,Unknown,121.87,Unknown,4.55,4.5,Unknown,97
Unknown,Unknown,Japan,Tokyo,Unknown,Unknown,1767.5,1.5,4.5,0.0,Unknown,Unknown,"Neon-lit streets pulse with energy, while serene gardens and ancient temples offer a peaceful escape, creating a captivating blend of modernity and tradition.",Unknown,0.1,Unknown,a81ab0eb-12ab-4dd4-97c6-cc74e1c0cbaa,asia,35.6768601,139.7638947,Luxury,5.0,2.0,2.0,1.0,5.0,5.0,3.0,5.0,1.0,Unknown,Unknown,121.87,Unknown,4.55,4.5,Unknown,390
Unknown,Unknown,New Caledonia,Noumea,Unknown,Unknown,1767.5,1.5,4.5,0.0,Unknown,Unknown,"A tropical blend of French sophistication and island charm, with vibrant markets, azure waters, and a laid-back, sun-soaked vibe.",Unknown,0.1,Unknown,46a4a4b9-6bf0-4461-9c58-f1961e60a1e9,oceania,22.2745264,166.442419,Luxury,3.0,3.0,4.0,4.0,3.0,4.0,3.0,3.0,3.0,Unknown,Unknown,121.87,Unknown,4.55,4.5,Unknown,56
Unknown,Unknown,Italy,Palermo,Unknown,Unknown,1767.5,1.5,4.5,0.0,Unknown,Unknown,"Sun-drenched streets filled with the aroma of street food, lively markets, and stunning architecture create an enchanting and vibrant atmosphere.",Unknown,0.1,Unknown,3945728c-0c92-4d4f-aef2-000b2e1a657f,europe,38.1112268,13.3524434,Mid-range,4.0,2.0,3.0,3.0,3.0,5.0,3.0,4.0,2.0,Unknown,Unknown,121.87,Unknown,4.55,4.5,Unknown,470
Unknown,Unknown,Italy,Sicily,Unknown,Unknown,1767.5,1.5,4.5,0.0,Unknown,Unknown,"Sun-drenched landscapes, aromatic citrus groves, and vibrant markets create a sensory feast, while ancient ruins whisper stories of a rich, layered history.",Unknown,0.1,Unknown,33bfc52d-e48e-4738-be09-ddfa3cfb6603,europe,37.587794,14.155048,Mid-range,5.0,3.0,4.0,4.0,3.0,5.0,3.0,3.0,3.0,Unknown,Unknown,121.87,Unknown,4.55,4.5,Unknown,466
Unknown,Unknown,Jordan,Amman,Unknown,Unknown,1767.5,1.5,4.5,0.0,Unknown,Unknown,"Bustling markets, aromatic spices, and ancient ruins create a vibrant atmosphere that blends history with the lively rhythms of modern life.",Unknown,0.1,Unknown,84861e0c-6b58-4b8f-a16e-ca371a9c01cd,middle_east,31.9515694,35.9239625,Mid-range,4.0,3.0,3.0,1.0,3.0,4.0,3.0,4.0,2.0,Unknown,Unknown,121.87,Unknown,4.55,4.5,Unknown,92
Unknown,Unknown,Kenya,Nairobi,Unknown,Unknown,1767.5,1.5,4.5,0.0,Unknown,Unknown,"Bustling streets filled with colorful markets, the aroma of street food, and a lively mix of cultures create a dynamic urban experience.",Unknown,0.1,Unknown,4a16fb5b-86c8-483f-a0a2-d4b5619efd0e,africa,1.30261485,36.82884201813725,Mid-range,4.0,4.0,5.0,1.0,3.0,3.0,3.0,4.0,2.0,Unknown,Unknown,121.87,Unknown,4.55,4.5,Unknown,99
Unknown,Unknown,Panama,Panama City,Unknown,Unknown,1767.5,1.5,4.5,0.0,Unknown,Unknown,Humid evenings and skyscraper views contrast beautifully with colorful historic quarters and lush jungle landscapes within easy reach.,Unknown,0.1,Unknown,426c4735-6fab-4da6-9c81-6307beb32236,north_america,8.9714493,79.5341802,Mid-range,4.0,3.0,4.0,3.0,4.0,4.0,3.0,4.0,2.0,Unknown,Unknown,121.87,Unknown,4.55,4.5,Unknown,308
Unknown,Unknown,Japan,Nagoya,Unknown,Unknown,1767.5,1.5,4.5,0.0,Unknown,Unknown,"A city where modern skyscrapers meet historic castles, offering a rich blend of tradition and innovation with a laid-back vibe.",Unknown,0.1,Unknown,900f7bad-dc7e-4017-a6a9-16e3211d110b,asia,35.1851045,136.8998438,Luxury,4.0,2.0,3.0,1.0,3.0,4.0,3.0,4.0,2.0,Unknown,Unknown,121.87,Unknown,4.55,4.5,Unknown,29
Unknown,Unknown,Japan,Fukuoka,Unknown,Unknown,1767.5,1.5,4.5,0.0,Unknown,Unknown,"Coastal breezes blend with vibrant city life, offering a friendly atmosphere, delicious street food, and a seamless mix of modern and traditional experiences.",Unknown,0.1,Unknown,03c5ff46-5be3-423a-a2e1-f0ede04ca279,asia,33.6251241,130.6180016,Mid-range,4.0,3.0,3.0,3.0,4.0,5.0,3.0,4.0,2.0,Unknown,Unknown,121.87,Unknown,4.55,4.5,Unknown,203
Unknown,Unknown,Lesotho,Maseru,Unknown,Unknown,1767.5,1.5,4.5,0.0,Unknown,Unknown,"Surrounded by dramatic landscapes, this city offers a blend of bustling markets, friendly locals, and a unique cultural tapestry to explore.",Unknown,0.1,Unknown,74275da0-d33c-4624-b50f-f3d254eaf9a8,africa,29.310054,27.478222,Budget,3.0,4.0,4.0,1.0,2.0,2.0,2.0,2.0,3.0,Unknown,Unknown,121.87,Unknown,4.55,4.5,Unknown,478
Unknown,Unknown,Mexico,Mexico City,Unknown,Unknown,1767.5,1.5,4.5,0.0,Unknown,Unknown,"Vibrant streets teeming with life, colorful markets, and the aroma of street food create an eclectic and exhilarating urban experience.",Unknown,0.1,Unknown,59358844-732e-44cc-8fc8-fd7266474a8f,north_america,19.3207722,99.1514677512441,Mid-range,5.0,3.0,3.0,1.0,5.0,5.0,3.0,5.0,2.0,Unknown,Unknown,121.87,Unknown,4.55,4.5,Unknown,527
Unknown,Unknown,Qatar,Doha,Unknown,Unknown,1767.5,1.5,4.5,0.0,Unknown,Unknown,"Modern architecture meets traditional souks, with the aroma of spices and the warm desert breeze creating a welcoming and vibrant atmosphere.",Unknown,0.1,Unknown,ecfe7100-f347-4fc1-bae0-f7d38c9a82ac,middle_east,25.2856329,51.5264162,Luxury,4.0,3.0,2.0,3.0,3.0,4.0,4.0,5.0,2.0,Unknown,Unknown,121.87,Unknown,4.55,4.5,Unknown,384
Unknown,Unknown,Kazakhstan,Astana,Unknown,Unknown,1767.5,1.5,4.5,0.0,Unknown,Unknown,"Futuristic architecture and expansive boulevards create a surreal atmosphere, blending modernity with cultural depth, offering an intriguing and unique urban experience.",Unknown,0.1,Unknown,5e646c11-3635-4227-94f1-9c1872ce3ee8,asia,51.1159933,71.46770587485393,Mid-range,3.0,2.0,2.0,1.0,3.0,3.0,3.0,4.0,2.0,Unknown,Unknown,121.87,Unknown,4.55,4.5,Unknown,272
Unknown,Unknown,Laos,Luang Prabang,Unknown,Unknown,1767.5,1.5,4.5,0.0,Unknown,Unknown,"Serene streets lined with French colonial architecture, vibrant night markets, and the gentle flow of the Mekong River create a peaceful, timeless charm.",Unknown,0.1,Unknown,7a01b324-f2b0-4249-a575-16a5eaa65a33,asia,19.8887438,102.135898,Budget,5.0,3.0,4.0,1.0,2.0,4.0,4.0,2.0,5.0,Unknown,Unknown,121.87,Unknown,4.55,4.5,Unknown,433
Unknown,Unknown,Mexico,Oaxaca,Unknown,Unknown,1767.5,1.5,4.5,0.0,Unknown,Unknown,"Colorful markets, aromatic street food, and vibrant festivals create an immersive experience that feels both lively and deeply rooted in tradition.",Unknown,0.1,Unknown,a5d58454-66d9-466a-870f-a490ad04b2fd,north_america,17.0,96.5,Mid-range,5.0,3.0,4.0,2.0,3.0,5.0,3.0,3.0,3.0,Unknown,Unknown,121.87,Unknown,4.55,4.5,Unknown,232
Unknown,Unknown,Lithuania,Kaunas,Unknown,Unknown,1767.5,1.5,4.5,0.0,Unknown,Unknown,"Charming cobblestone streets, vibrant street art, and a laid-back vibe invite you to explore its rich history and creative energy.",Unknown,0.1,Unknown,b4770bbe-7d7e-400d-9e43-c208fad6fdee,europe,54.8982139,23.9044817,Budget,4.0,2.0,3.0,1.0,3.0,3.0,3.0,3.0,3.0,Unknown,Unknown,121.87,Unknown,4.55,4.5,Unknown,168
Unknown,Unknown,Montenegro,Podgorica,Unknown,Unknown,1767.5,1.5,4.5,0.0,Unknown,Unknown,"A blend of modern and traditional vibes, where lively streets meet serene parks, offering a warm and welcoming atmosphere.",Unknown,0.1,Unknown,f33d7ecf-5952-4341-80cd-37c6d1b9b092,europe,42.4415238,19.2621081,Budget,3.0,3.0,4.0,2.0,3.0,3.0,3.0,3.0,3.0,Unknown,Unknown,121.87,Unknown,4.55,4.5,Unknown,5
Unknown,Unknown,Malaysia,Kuching,Unknown,Unknown,1767.5,1.5,4.5,0.0,Unknown,Unknown,"A blend of colonial charm and vibrant markets, with lush greenery and the gentle flow of the Sarawak River creating a serene atmosphere.",Unknown,0.1,Unknown,99b5a71f-eead-4050-a7a4-df5e16a42c0b,asia,1.5597561,110.345397,Budget,4.0,3.0,4.0,2.0,3.0,4.0,3.0,3.0,4.0,Unknown,Unknown,121.87,Unknown,4.55,4.5,Unknown,1
Unknown,Unknown,Mauritius,Port Louis,Unknown,Unknown,1767.5,1.5,4.5,0.0,Unknown,Unknown,"A bustling port city where vibrant markets, colonial architecture, and the scent of street food create a lively and colorful atmosphere.",Unknown,0.1,Unknown,6eeed41e-07f1-4e44-85d3-a04a06bb3500,africa,20.1624522,57.5028044,Mid-range,4.0,3.0,4.0,5.0,3.0,4.0,3.0,3.0,2.0,Unknown,Unknown,121.87,Unknown,4.55,4.5,Unknown,16
Unknown,Unknown,Mozambique,Beira,Unknown,Unknown,1767.5,1.5,4.5,0.0,Unknown,Unknown,Warm ocean breezes mix with the vibrant energy of local markets and the relaxed charm of coastal streets lined with casuarina trees.,Unknown,0.1,Unknown,5e2fff6d-15ae-4deb-80a8-6f18d730d9f8,africa,19.828707,34.841782,Budget,3.0,3.0,3.0,3.0,2.0,3.0,2.0,2.0,3.0,Unknown,Unknown,121.87,Unknown,4.55,4.5,Unknown,546
Unknown,Unknown,Oman,Salalah,Unknown,Unknown,1767.5,1.5,4.5,0.0,Unknown,Unknown,"Lush green landscapes meet the Arabian Sea, creating a serene atmosphere filled with the scent of frankincense and the sound of gentle waves.",Unknown,0.1,Unknown,3ecbe7bd-d9a0-4690-9ab2-5e143f92fe64,middle_east,17.0174945,54.1010923,Mid-range,3.0,3.0,5.0,4.0,2.0,3.0,3.0,2.0,4.0,Unknown,Unknown,121.87,Unknown,4.55,4.5,Unknown,335
Unknown,Unknown,South Africa,Pretoria,Unknown,Unknown,1767.5,1.5,4.5,0.0,Unknown,Unknown,"Wide tree-lined avenues and vibrant jacaranda blooms create a serene backdrop for exploring cultural landmarks and lively markets in a warm, welcoming atmosphere.",Unknown,0.1,Unknown,5af283b6-2a6b-4fb1-893d-953529dbad3b,africa,25.7459277,28.1879101,Mid-range,4.0,3.0,4.0,1.0,3.0,4.0,3.0,4.0,2.0,Unknown,Unknown,121.87,Unknown,4.55,4.5,Unknown,554
Unknown,Unknown,Mexico,Monterrey,Unknown,Unknown,1767.5,1.5,4.5,0.0,Unknown,Unknown,"Nestled between dramatic mountains, the city offers a vibrant blend of modern life and cultural richness, with lively streets and friendly locals.",Unknown,0.1,Unknown,cc659b5c-096d-4c4e-be39-a30676e948d9,north_america,25.6802019,100.315258,Mid-range,4.0,3.0,4.0,1.0,4.0,4.0,3.0,4.0,2.0,Unknown,Unknown,121.87,Unknown,4.55,4.5,Unknown,394
Unknown,Unknown,Moldova,Chisinau,Unknown,Unknown,1767.5,1.5,4.5,0.0,Unknown,Unknown,"Tree-lined streets and Soviet-era architecture mix with lively markets and cozy wine bars, offering a unique and welcoming vibe.",Unknown,0.1,Unknown,976ddd49-62ec-4b58-8ef1-d079b2f6bcdf,europe,47.0245117,28.8322923,Budget,3.0,2.0,3.0,1.0,3.0,3.0,2.0,3.0,3.0,Unknown,Unknown,121.87,Unknown,4.55,4.5,Unknown,495
Unknown,Unknown,Norway,Oslo,Unknown,Unknown,1767.5,1.5,4.5,0.0,Unknown,Unknown,"Modern architecture meets stunning natural landscapes, with serene fjords and vibrant city life offering a unique blend of tranquility and excitement.",Unknown,0.1,Unknown,2ea04a64-c0d2-4cad-8923-b83c11109f4b,europe,59.9133301,10.7389701,Luxury,4.0,3.0,4.0,2.0,3.0,4.0,4.0,4.0,3.0,Unknown,Unknown,121.87,Unknown,4.55,4.5,Unknown,383
Unknown,Unknown,Suriname,Paramaribo,Unknown,Unknown,1767.5,1.5,4.5,0.0,Unknown,Unknown,"Lush greenery, colonial architecture, and vibrant street markets create a lively atmosphere where tropical warmth meets cultural diversity.",Unknown,0.1,Unknown,c0ddb6a7-e9b0-480f-8e05-54b316638198,south_america,5.82417645,55.16628130970069,Budget,4.0,3.0,4.0,2.0,3.0,4.0,3.0,3.0,3.0,Unknown,Unknown,121.87,Unknown,4.55,4.5,Unknown,346
Unknown,Unknown,Montenegro,Kotor,Unknown,Unknown,1767.5,1.5,4.5,0.0,Unknown,Unknown,"Winding cobblestone streets and ancient stone walls create a charming, timeless atmosphere, inviting you to explore hidden corners and scenic views.",Unknown,0.1,Unknown,5c528d71-fa3e-40c1-b8ac-0cc2724db702,europe,42.4249205,18.7713332,Mid-range,4.0,3.0,4.0,3.0,2.0,3.0,3.0,2.0,4.0,Unknown,Unknown,121.87,Unknown,4.55,4.5,Unknown,562
Unknown,Unknown,Morocco,Rabat,Unknown,Unknown,1767.5,1.5,4.5,0.0,Unknown,Unknown,"A city where historic medinas meet modern boulevards, offering a serene coastal vibe with the scent of sea air and spices.",Unknown,0.1,Unknown,007e1c9a-9bbf-4560-a8d5-4fb17176b300,africa,33.9851778,6.8461433,Budget,4.0,2.0,3.0,3.0,3.0,4.0,3.0,4.0,3.0,Unknown,Unknown,121.87,Unknown,4.55,4.5,Unknown,25
Unknown,Unknown,Peru,Arequipa,Unknown,Unknown,1767.5,1.5,4.5,0.0,Unknown,Unknown,Charming colonial architecture and vibrant plazas set against a backdrop of volcanic peaks create a captivating blend of history and natural beauty.,Unknown,0.1,Unknown,34daf415-739f-45d7-a127-f47f0dcf63f9,south_america,16.3988667,71.5369607,Budget,4.0,3.0,4.0,1.0,3.0,4.0,3.0,3.0,3.0,Unknown,Unknown,121.87,Unknown,4.55,4.5,Unknown,170
Unknown,Unknown,Poland,Krakow,Unknown,Unknown,1767.5,1.5,4.5,0.0,Unknown,Unknown,"Charming cobblestone streets and lively squares invite exploration, while the rich history and vibrant culture create an inviting and warm atmosphere.",Unknown,0.1,Unknown,aa77dd0f-f294-4af2-9499-547652ef8472,europe,50.0619474,19.9368564,Mid-range,5.0,2.0,3.0,1.0,4.0,4.0,3.0,4.0,2.0,Unknown,Unknown,121.87,Unknown,4.55,4.5,Unknown,132
Unknown,Unknown,Thailand,Chiang Rai,Unknown,Unknown,1767.5,1.5,4.5,0.0,Unknown,Unknown,"Quiet temples and vibrant markets blend with lush green landscapes, offering a serene yet culturally rich experience for the curious traveler.",Unknown,0.1,Unknown,22724026-a52a-4591-ac15-5e3c1aad0bc6,asia,19.7589517,99.6734592,Budget,4.0,3.0,4.0,1.0,2.0,4.0,3.0,2.0,4.0,Unknown,Unknown,121.87,Unknown,4.55,4.5,Unknown,416
Unknown,Unknown,Netherlands,Maastricht,Unknown,Unknown,1767.5,1.5,4.5,0.0,Unknown,Unknown,"Cobblestone streets and medieval architecture create a charming atmosphere, while lively squares and riverside paths invite leisurely exploration and relaxation.",Unknown,0.1,Unknown,96591192-71e5-48cd-bc25-dfc40ad0a497,europe,50.85798545,5.6969881818221095,Mid-range,4.0,2.0,3.0,1.0,3.0,4.0,3.0,3.0,3.0,Unknown,Unknown,121.87,Unknown,4.55,4.5,Unknown,211
Unknown,Unknown,New Zealand,Christchurch,Unknown,Unknown,1767.5,1.5,4.5,0.0,Unknown,Unknown,"A city reborn with innovative architecture and lush gardens, offering a mix of urban charm and stunning natural landscapes.",Unknown,0.1,Unknown,8e9cdd1b-520b-4d7c-84d6-ce390886a60d,oceania,43.530955,172.6364343,Mid-range,3.0,4.0,4.0,3.0,3.0,3.0,3.0,3.0,3.0,Unknown,Unknown,121.87,Unknown,4.55,4.5,Unknown,21
Unknown,Unknown,Sweden,Gotland,Unknown,Unknown,1767.5,1.5,4.5,0.0,Unknown,Unknown,"Charming cobblestone streets, medieval ruins, and serene coastal landscapes offer a peaceful escape with a touch of historical intrigue and natural beauty.",Unknown,0.1,Unknown,4050b3a8-bc31-4a00-a0bc-74ec708a8022,europe,57.4174802,18.536957927499856,Mid-range,4.0,3.0,4.0,4.0,3.0,3.0,3.0,2.0,4.0,Unknown,Unknown,121.87,Unknown,4.55,4.5,Unknown,156
Unknown,Unknown,United Kingdom,St Ives,Unknown,Unknown,1767.5,1.5,4.5,0.0,Unknown,Unknown,"Charming cobblestone streets wind through art galleries and quaint shops, with the salty sea breeze adding a refreshing touch to your stroll.",Unknown,0.1,Unknown,51573d8c-89d4-469e-b1a6-5be6a389b9d9,europe,50.2149064,5.4795083,Mid-range,4.0,3.0,4.0,5.0,3.0,3.0,3.0,2.0,4.0,Unknown,Unknown,121.87,Unknown,4.55,4.5,Unknown,147
Unknown,Unknown,Norway,Tromsø,Unknown,Unknown,1767.5,1.5,4.5,0.0,Unknown,Unknown,"Snow-draped landscapes and vibrant northern lights create a magical atmosphere, while the crisp Arctic air invigorates your senses and spirit.",Unknown,0.1,Unknown,248ce3f4-3c86-4ea3-91f2-0d69f703e1e4,europe,69.6516345,18.9558585,Luxury,3.0,4.0,5.0,2.0,3.0,3.0,3.0,3.0,4.0,Unknown,Unknown,121.87,Unknown,4.55,4.5,Unknown,442
Unknown,Unknown,Nicaragua,Granada,Unknown,Unknown,1767.5,1.5,4.5,0.0,Unknown,Unknown,"Cobblestone streets lined with colorful colonial buildings and the distant scent of tropical fruits create a charming, laid-back atmosphere.",Unknown,0.1,Unknown,3aece1d2-640d-478c-97cb-7b2af24c0d4b,north_america,11.9303801,85.9535897,Budget,4.0,3.0,4.0,2.0,3.0,4.0,3.0,3.0,3.0,Unknown,Unknown,121.87,Unknown,4.55,4.5,Unknown,219
Unknown,Unknown,Puerto Rico,San Juan,Unknown,Unknown,1767.5,1.5,4.5,0.0,Unknown,Unknown,"Cobblestone streets lined with colorful colonial buildings, lively salsa rhythms, and the scent of ocean breezes create a vibrant and welcoming atmosphere.",Unknown,0.1,Unknown,9ebf736e-30eb-4a14-83f6-a171b29422dd,north_america,18.38423905,66.05343997364733,Mid-range,4.0,3.0,3.0,5.0,4.0,4.0,3.0,4.0,2.0,Unknown,Unknown,121.87,Unknown,4.55,4.5,Unknown,221
Unknown,Unknown,United States,Salt Lake City,Unknown,Unknown,1767.5,1.5,4.5,0.0,Unknown,Unknown,"Surrounded by stunning mountains, this city offers a blend of vibrant urban life and serene natural beauty, perfect for outdoor enthusiasts.",Unknown,0.1,Unknown,c6df2a0a-5804-4782-980c-b785baff6338,north_america,40.7596198,111.886797,Mid-range,3.0,4.0,5.0,1.0,3.0,3.0,4.0,3.0,4.0,Unknown,Unknown,121.87,Unknown,4.55,4.5,Unknown,482
Unknown,Unknown,Paraguay,Asunción,Unknown,Unknown,1767.5,1.5,4.5,0.0,Unknown,Unknown,"Stroll through sun-dappled streets, where lively markets and the scent of grilled meats create a warm, inviting atmosphere.",Unknown,0.1,Unknown,2369b939-7343-43a5-939d-8883c2380da4,south_america,25.2800459,57.6343814,Budget,3.0,2.0,3.0,1.0,3.0,3.0,2.0,3.0,3.0,Unknown,Unknown,121.87,Unknown,4.55,4.5,Unknown,448
Unknown,Unknown,Philippines,Manila,Unknown,Unknown,1767.5,1.5,4.5,0.0,Unknown,Unknown,"Bustling streets filled with vibrant jeepneys and the aroma of street food create an exciting, sensory-rich experience that's uniquely captivating.",Unknown,0.1,Unknown,43fc0ee7-5983-4c3c-af37-93f16a8561e1,asia,14.5904492,120.9803621,Budget,4.0,3.0,2.0,2.0,4.0,4.0,3.0,4.0,1.0,Unknown,Unknown,121.87,Unknown,4.55,4.5,Unknown,110
Unknown,Unknown,Switzerland,Bern,Unknown,Unknown,1767.5,1.5,4.5,0.0,Unknown,Unknown,"Charming cobblestone streets wind through medieval architecture, while the gentle flow of the river creates a serene backdrop for leisurely exploration.",Unknown,0.1,Unknown,20d1bd3e-dd04-4d5a-a734-32dea79ec466,europe,46.9484742,7.4521749,Luxury,4.0,3.0,4.0,1.0,3.0,4.0,4.0,4.0,3.0,Unknown,Unknown,121.87,Unknown,4.55,4.5,Unknown,149
Unknown,Unknown,Italy,Catania,Unknown,Unknown,1767.5,1.5,4.5,0.0,Unknown,Unknown,"Sun-soaked streets filled with the aroma of fresh seafood, lively markets, and the dramatic backdrop of a smoking volcano create a unique atmosphere.",Unknown,0.1,Unknown,4c62d957-8e4e-4558-beea-2bf8178c5463,europe,37.5023612,15.0873718,Mid-range,4.0,3.0,4.0,3.0,3.0,5.0,3.0,3.0,2.0,Unknown,Unknown,121.87,Unknown,4.55,4.5,Unknown,476
Unknown,Unknown,Philippines,Davao,Unknown,Unknown,1767.5,1.5,4.5,0.0,Unknown,Unknown,"Lush landscapes meet urban vibrancy, with bustling markets, serene parks, and the scent of tropical fruits filling the air.",Unknown,0.1,Unknown,3b685f46-cdb6-497b-865e-2cd7657a6830,asia,7.0648306,125.6080623,Budget,3.0,4.0,5.0,3.0,3.0,4.0,3.0,3.0,4.0,Unknown,Unknown,121.87,Unknown,4.55,4.5,Unknown,355
Unknown,Unknown,Portugal,Porto,Unknown,Unknown,1767.5,1.5,4.5,0.0,Unknown,Unknown,"Charming riverside streets, vibrant tiles, and the rich aroma of port wine create a warm and inviting atmosphere perfect for leisurely exploration.",Unknown,0.1,Unknown,43b173aa-a4f5-4676-9434-bacadf6d49ff,europe,41.1494512,8.6107884,Mid-range,4.0,3.0,3.0,3.0,4.0,5.0,3.0,4.0,3.0,Unknown,Unknown,121.87,Unknown,4.55,4.5,Unknown,176
Unknown,Unknown,Portugal,Azores,Unknown,Unknown,1767.5,1.5,4.5,0.0,Unknown,Unknown,"Lush volcanic landscapes, tranquil ocean vistas, and charming villages create a serene atmosphere perfect for unwinding and connecting with nature.",Unknown,0.1,Unknown,4fc0ec2d-41b6-44d1-9c67-16f9caf9a3f1,europe,37.80855645,25.47313739124529,Mid-range,3.0,4.0,5.0,3.0,2.0,4.0,3.0,2.0,5.0,Unknown,Unknown,121.87,Unknown,4.55,4.5,Unknown,370
Unknown,Unknown,Sierra Leone,Freetown,Unknown,Unknown,1767.5,1.5,4.5,0.0,Unknown,Unknown,"Lively streets filled with vibrant markets, friendly locals, and the rhythmic sounds of the ocean create a welcoming and dynamic atmosphere.",Unknown,0.1,Unknown,c6f2dcd7-e2f4-4b91-b737-717593827384,africa,8.479004,13.26795,Budget,3.0,3.0,4.0,4.0,3.0,3.0,2.0,2.0,3.0,Unknown,Unknown,121.87,Unknown,4.55,4.5,Unknown,329
Unknown,Unknown,Quebec,Laval,Unknown,Unknown,1767.5,1.5,4.5,0.0,Unknown,Unknown,"A blend of urban charm and natural beauty, with lush parks and vibrant cultural spots offering a refreshing escape from the city rush.",Unknown,0.1,Unknown,6e46b45f-19d2-43ff-9a08-f5c4b59e1f22,north_america,45.60558895,73.73456014508847,Mid-range,3.0,3.0,3.0,2.0,3.0,3.0,3.0,3.0,2.0,Unknown,Unknown,121.87,Unknown,4.55,4.5,Unknown,9
Unknown,Unknown,Réunion,Saint-Denis,Unknown,Unknown,1767.5,1.5,4.5,0.0,Unknown,Unknown,"A lively mix of Creole culture, bustling markets, and lush mountain backdrops create a vibrant and welcoming atmosphere full of discovery.",Unknown,0.1,Unknown,7f92c683-b2a3-4058-a2dc-758c1d230a26,africa,20.8799889,55.448137,Mid-range,4.0,4.0,5.0,4.0,3.0,4.0,3.0,3.0,3.0,Unknown,Unknown,121.87,Unknown,4.55,4.5,Unknown,47
Unknown,Unknown,Romania,Constanta,Unknown,Unknown,1767.5,1.5,4.5,0.0,Unknown,Unknown,"Golden beaches meet historic architecture, offering a blend of sun-soaked relaxation and the charm of ancient ruins and lively promenades.",Unknown,0.1,Unknown,6ceb9976-69b0-49a0-b91d-ac48234e2902,europe,44.1767161,28.6507598,Budget,3.0,3.0,3.0,4.0,3.0,4.0,3.0,3.0,2.0,Unknown,Unknown,121.87,Unknown,4.55,4.5,Unknown,276
Unknown,Unknown,Mexico,Puerto Vallarta,Unknown,Unknown,1767.5,1.5,4.5,0.0,Unknown,Unknown,"Golden beaches meet the lush Sierra Madre mountains, creating a vibrant yet laid-back atmosphere filled with colorful markets and lively nightlife.",Unknown,0.1,Unknown,80ed0bdd-62c4-4068-88c6-3eba6e3c4e46,north_america,20.6407176,105.220306,Mid-range,3.0,4.0,4.0,5.0,4.0,4.0,4.0,3.0,3.0,Unknown,Unknown,121.87,Unknown,4.55,4.5,Unknown,279
Unknown,Unknown,South Africa,Cape Town,Unknown,Unknown,1767.5,1.5,4.5,0.0,Unknown,Unknown,"A vibrant coastal city surrounded by rugged mountains and pristine beaches, offering laid-back afternoons, diverse cultures, and breathtaking views.",Unknown,0.1,Unknown,933a8b39-e129-41f3-b6ab-3f58d695536b,africa,33.9288301,18.4172197,Mid-range,4.0,4.0,5.0,4.0,4.0,4.0,3.0,4.0,3.0,Unknown,Unknown,121.87,Unknown,4.55,4.5,Unknown,64
Unknown,Unknown,Saint Lucia,Castries,Unknown,Unknown,1767.5,1.5,4.5,0.0,Unknown,Unknown,"Colorful markets, ocean breezes, and lively street music create a vibrant atmosphere, inviting you to explore and unwind at your own pace.",Unknown,0.1,Unknown,1c1ede32-515d-4a46-8019-15e3196afd18,north_america,13.90904385,60.97792414113452,Mid-range,3.0,4.0,5.0,5.0,3.0,4.0,4.0,3.0,4.0,Unknown,Unknown,121.87,Unknown,4.55,4.5,Unknown,234
Unknown,Unknown,São Tomé and Príncipe,São Tomé,Unknown,Unknown,1767.5,1.5,4.5,0.0,Unknown,Unknown,"Lush rainforests, tranquil beaches, and the gentle rhythm of island life create a serene escape filled with natural beauty and warmth.",Unknown,0.1,Unknown,ef66a584-fc99-4c05-af1a-263a6f5cbacf,africa,0.3389242,6.7313031,Mid-range,3.0,4.0,5.0,4.0,2.0,3.0,3.0,2.0,4.0,Unknown,Unknown,121.87,Unknown,4.55,4.5,Unknown,363
Unknown,Unknown,Spain,Madrid,Unknown,Unknown,1767.5,1.5,4.5,0.0,Unknown,Unknown,"Vibrant streets filled with lively tapas bars, stunning architecture, and a rich tapestry of history create an inviting and energetic atmosphere.",Unknown,0.1,Unknown,f7c802c7-e3cb-4922-ae40-a14f5ea56907,europe,40.4167047,3.7035825,Mid-range,5.0,3.0,2.0,1.0,5.0,5.0,3.0,5.0,2.0,Unknown,Unknown,121.87,Unknown,4.55,4.5,Unknown,522
Unknown,Unknown,France,Nantes,Unknown,Unknown,1767.5,1.5,4.5,0.0,Unknown,Unknown,"A city where historic charm meets modern creativity, with cobblestone streets, vibrant art scenes, and the gentle flow of the Loire River.",Unknown,0.1,Unknown,ddea7cd4-1b80-46f6-a51d-2649a27cba85,europe,47.2186371,1.5541362,Mid-range,4.0,2.0,3.0,2.0,3.0,4.0,3.0,4.0,3.0,Unknown,Unknown,121.87,Unknown,4.55,4.5,Unknown,24
Unknown,Unknown,Seychelles,Victoria,Unknown,Unknown,1767.5,1.5,4.5,0.0,Unknown,Unknown,"Lush tropical landscapes meet the vibrant colors of bustling markets, offering a sensory feast of exotic flavors and warm ocean breezes.",Unknown,0.1,Unknown,4ebafc38-97b9-485a-842f-df2e3fc08ab4,africa,4.6232085,55.452359,Luxury,3.0,4.0,5.0,5.0,3.0,4.0,4.0,2.0,4.0,Unknown,Unknown,121.87,Unknown,4.55,4.5,Unknown,368
Unknown,Unknown,Slovenia,Ljubljana,Unknown,Unknown,1767.5,1.5,4.5,0.0,Unknown,Unknown,"Charming cobblestone streets, vibrant riverfront cafés, and lush green spaces offer a welcoming atmosphere that's both lively and relaxing.",Unknown,0.1,Unknown,8ec82bed-8ce6-43b4-8318-4df1c2b36399,europe,46.0500268,14.5069289,Mid-range,4.0,3.0,4.0,1.0,3.0,4.0,3.0,4.0,3.0,Unknown,Unknown,121.87,Unknown,4.55,4.5,Unknown,166
Unknown,Unknown,China,Chengdu,Unknown,Unknown,1767.5,1.5,4.5,0.0,Unknown,Unknown,"A lively blend of spicy street food aromas, lush green parks, and the gentle charm of giant pandas creates an inviting, laid-back atmosphere.",Unknown,0.1,Unknown,702003ed-543f-4431-acea-79b044373c31,asia,30.6598628,104.0633717,Mid-range,5.0,3.0,4.0,1.0,3.0,5.0,3.0,4.0,2.0,Unknown,Unknown,121.87,Unknown,4.55,4.5,Unknown,44
Unknown,Unknown,Spain,Menorca,Unknown,Unknown,1767.5,1.5,4.5,0.0,Unknown,Unknown,"Golden beaches meet turquoise waters, offering a tranquil escape with gentle breezes, charming villages, and the scent of pine forests in the air.",Unknown,0.1,Unknown,7b317d9c-9f46-43cc-a3db-5a5072021732,europe,39.949257200000005,4.0499641751186415,Mid-range,3.0,3.0,4.0,5.0,3.0,4.0,4.0,2.0,4.0,Unknown,Unknown,121.87,Unknown,4.55,4.5,Unknown,282
Unknown,Unknown,Tanzania,Stone Town,Unknown,Unknown,1767.5,1.5,4.5,0.0,Unknown,Unknown,"Winding alleys filled with vibrant markets, the aroma of spices, and the sound of distant waves create an atmosphere both lively and enchanting.",Unknown,0.1,Unknown,510ac85b-7867-4b58-bc21-130b533ae441,africa,6.16265285,39.18965515249984,Budget,5.0,3.0,3.0,4.0,3.0,4.0,3.0,3.0,3.0,Unknown,Unknown,121.87,Unknown,4.55,4.5,Unknown,559
Unknown,Unknown,South Africa,Johannesburg,Unknown,Unknown,1767.5,1.5,4.5,0.0,Unknown,Unknown,"A bustling urban landscape with vibrant street art, diverse culinary delights, and a palpable energy that captures the essence of modern African city life.",Unknown,0.1,Unknown,3618d1dc-af2a-4646-94d2-5bc387158dbe,africa,26.205,28.049722,Mid-range,4.0,3.0,3.0,1.0,4.0,4.0,3.0,5.0,2.0,Unknown,Unknown,121.87,Unknown,4.55,4.5,Unknown,18
Unknown,Unknown,South Korea,Busan,Unknown,Unknown,1767.5,1.5,4.5,0.0,Unknown,Unknown,"Coastal breezes mix with the scent of street food, while vibrant markets and serene temples create a lively yet calming atmosphere.",Unknown,0.1,Unknown,b5c78cdb-4482-4686-9aa8-10d848aaf90d,asia,35.1799528,129.0752365,Mid-range,4.0,3.0,4.0,4.0,4.0,5.0,3.0,4.0,2.0,Unknown,Unknown,121.87,Unknown,4.55,4.5,Unknown,206
Unknown,Unknown,Thailand,Koh Lanta,Unknown,Unknown,1767.5,1.5,4.5,0.0,Unknown,Unknown,"Golden beaches, gentle waves, and lush greenery create a serene escape where you can unwind and soak in the tranquil island vibe.",Unknown,0.1,Unknown,f8cceb46-257d-4b51-b34a-4cba69ace227,asia,13.8212743,100.6306935,Budget,3.0,4.0,4.0,5.0,3.0,4.0,4.0,2.0,4.0,Unknown,Unknown,121.87,Unknown,4.55,4.5,Unknown,288
Unknown,Unknown,Turkey,Istanbul,Unknown,Unknown,1767.5,1.5,4.5,0.0,Unknown,Unknown,"A captivating blend of East and West, with vibrant bazaars, aromatic spices, historic mosques, and the serene Bosphorus weaving through daily life.",Unknown,0.1,Unknown,37247be1-606e-4142-a129-bf5d3efbd197,europe,41.006381,28.9758715,Mid-range,5.0,3.0,3.0,2.0,4.0,5.0,3.0,5.0,2.0,Unknown,Unknown,121.87,Unknown,4.55,4.5,Unknown,19
Unknown,Unknown,Spain,Seville,Unknown,Unknown,1767.5,1.5,4.5,0.0,Unknown,Unknown,"Sun-drenched plazas, the aroma of orange blossoms, and the passionate rhythm of flamenco create an enchanting and lively atmosphere.",Unknown,0.1,Unknown,72a44cc1-8aff-4424-95a0-81afd9aa6db1,europe,37.3886303,5.9953403,Mid-range,5.0,3.0,2.0,1.0,4.0,5.0,3.0,4.0,2.0,Unknown,Unknown,121.87,Unknown,4.55,4.5,Unknown,468
Unknown,Unknown,Thailand,Bangkok,Unknown,Unknown,1767.5,1.5,4.5,0.0,Unknown,Unknown,Busy streets filled with vibrant markets and aromatic street food stalls create an exhilarating atmosphere that's both chaotic and captivating.,Unknown,0.1,Unknown,e90eff18-779e-4ad9-8f75-944a034c0600,asia,13.7524938,100.4935089,Budget,5.0,3.0,2.0,2.0,5.0,5.0,4.0,5.0,1.0,Unknown,Unknown,121.87,Unknown,4.55,4.5,Unknown,117
Unknown,Unknown,United Kingdom,Belfast,Unknown,Unknown,1767.5,1.5,4.5,0.0,Unknown,Unknown,"Cozy pubs, historic streets, and the lively spirit of its people create an inviting and culturally rich atmosphere full of stories.",Unknown,0.1,Unknown,5eb2414d-ccc4-4665-b86a-f463c43a9c1b,europe,54.596391,5.9301829,Mid-range,4.0,3.0,3.0,2.0,3.0,4.0,3.0,4.0,2.0,Unknown,Unknown,121.87,Unknown,4.55,4.5,Unknown,241
Unknown,Unknown,Ukraine,Odessa,Unknown,Unknown,1767.5,1.5,4.5,0.0,Unknown,Unknown,"Charming cobblestone streets, lively markets, and the gentle sea breeze create a relaxed yet vibrant atmosphere perfect for unwinding and exploring.",Unknown,0.1,Unknown,d9f5aa87-6ce6-4675-b55c-e64635035d90,europe,46.4843023,30.7322878,Budget,4.0,3.0,3.0,4.0,4.0,4.0,3.0,4.0,2.0,Unknown,Unknown,121.87,Unknown,4.55,4.5,Unknown,153
Unknown,Unknown,Tanzania,Zanzibar Town,Unknown,Unknown,1767.5,1.5,4.5,0.0,Unknown,Unknown,Winding streets filled with the aroma of spices and the sound of Swahili music create an enchanting and vibrant atmosphere.,Unknown,0.1,Unknown,2ad8ee24-69aa-4e79-8b48-b459779c5987,africa,6.15956165,39.2009686,Mid-range,4.0,3.0,4.0,5.0,3.0,4.0,3.0,3.0,4.0,Unknown,Unknown,121.87,Unknown,4.55,4.5,Unknown,568
Unknown,Unknown,Madagascar,Antananarivo,Unknown,Unknown,1767.5,1.5,4.5,0.0,Unknown,Unknown,"Bustling streets filled with lively markets and the aroma of street food create an energetic vibe, surrounded by rolling hills and unique architecture.",Unknown,0.1,Unknown,3b81e08f-9410-4898-9781-432030bad762,africa,18.9100122,47.5255809,Budget,4.0,4.0,5.0,2.0,3.0,3.0,2.0,3.0,4.0,Unknown,Unknown,121.87,Unknown,4.55,4.5,Unknown,101
Unknown,Unknown,Thailand,Krabi,Unknown,Unknown,1767.5,1.5,4.5,0.0,Unknown,Unknown,"Turquoise waters lap against limestone cliffs, while vibrant markets and serene beaches invite you to unwind and explore at your own pace.",Unknown,0.1,Unknown,f64d6a04-bf5b-49e9-860f-665d6e7d6ada,asia,8.0634637,98.9162345,Budget,3.0,4.0,5.0,5.0,3.0,4.0,4.0,2.0,4.0,Unknown,Unknown,121.87,Unknown,4.55,4.5,Unknown,510
Unknown,Unknown,Togo,Lomé,Unknown,Unknown,1767.5,1.5,4.5,0.0,Unknown,Unknown,"Bustling markets filled with vibrant textiles and the scent of spices create an energetic atmosphere, while palm-lined beaches offer serene escapes.",Unknown,0.1,Unknown,d76e7f44-80ab-4a92-918c-80c918d1ae88,africa,6.130419,1.215829,Budget,3.0,3.0,3.0,3.0,2.0,3.0,2.0,3.0,3.0,Unknown,Unknown,121.87,Unknown,4.55,4.5,Unknown,91
Unknown,Unknown,Trinidad and Tobago,Port of Spain,Unknown,Unknown,1767.5,1.5,4.5,0.0,Unknown,Unknown,"Bustling streets filled with lively music and vibrant colors offer a sensory feast, where Caribbean culture and urban energy intertwine seamlessly.",Unknown,0.1,Unknown,184fc244-2725-4a56-894d-bbb80ef207e7,north_america,10.6572678,61.5180173,Mid-range,4.0,3.0,3.0,4.0,4.0,5.0,3.0,4.0,2.0,Unknown,Unknown,121.87,Unknown,4.55,4.5,Unknown,102
Unknown,Unknown,Oman,Muscat,Unknown,Unknown,1767.5,1.5,4.5,0.0,Unknown,Unknown,"Golden desert landscapes meet the azure sea, creating a serene backdrop for exploring traditional souks, grand mosques, and coastal promenades.",Unknown,0.1,Unknown,aeb41503-ee2c-4678-aa67-33b816e31f68,middle_east,23.5882019,58.3829448,Mid-range,4.0,3.0,4.0,4.0,2.0,4.0,3.0,3.0,4.0,Unknown,Unknown,121.87,Unknown,4.55,4.5,Unknown,290
Unknown,Unknown,Ukraine,Kyiv,Unknown,Unknown,1767.5,1.5,4.5,0.0,Unknown,Unknown,"Strolling through lively squares and historic streets, you'll feel the vibrant energy of a city rich in culture and warm hospitality.",Unknown,0.1,Unknown,671ba175-2610-4435-a449-61f29c414d68,europe,50.4500336,30.5241361,Budget,4.0,3.0,3.0,1.0,4.0,4.0,3.0,4.0,2.0,Unknown,Unknown,121.87,Unknown,4.55,4.5,Unknown,452
Unknown,Unknown,Sri Lanka,Galle,Unknown,Unknown,1767.5,1.5,4.5,0.0,Unknown,Unknown,"Charming cobblestone streets, colonial architecture, and the salty breeze of the ocean create a serene and timeless atmosphere.",Unknown,0.1,Unknown,128e077c-0b2e-43dc-a395-59dcb2fdabe7,asia,6.0328139,80.214955,Budget,4.0,3.0,4.0,4.0,2.0,4.0,3.0,3.0,4.0,Unknown,Unknown,121.87,Unknown,4.55,4.5,Unknown,150
Unknown,Unknown,Poland,Gdansk,Unknown,Unknown,1767.5,1.5,4.5,0.0,Unknown,Unknown,"Charming cobblestone streets and vibrant maritime history meet the salty breeze of the Baltic, creating a welcoming and lively coastal atmosphere.",Unknown,0.1,Unknown,3abbee3b-52a2-45cc-b745-9720f49fd72a,europe,54.42880315,18.79832701217957,Mid-range,4.0,2.0,3.0,3.0,3.0,4.0,3.0,4.0,2.0,Unknown,Unknown,121.87,Unknown,4.55,4.5,Unknown,134
Unknown,Unknown,United States,Miami,Unknown,Unknown,1767.5,1.5,4.5,0.0,Unknown,Unknown,"Vibrant streets pulsate with Latin beats, ocean breezes carry the scent of salt and sunscreen, and art deco architecture adds a nostalgic charm.",Unknown,0.1,Unknown,fe273668-236b-47ac-a87d-f02f36cd6181,north_america,25.7741728,80.19362,Luxury,3.0,3.0,3.0,5.0,5.0,4.0,4.0,4.0,2.0,Unknown,Unknown,121.87,Unknown,4.55,4.5,Unknown,523
Unknown,Unknown,Norway,Svalbard,Unknown,Unknown,1767.5,1.5,4.5,0.0,Unknown,Unknown,"Vast, icy landscapes and the ethereal glow of the northern lights create a surreal, almost otherworldly experience, inviting deep reflection and awe.",Unknown,0.1,Unknown,c6da2d98-abce-490d-8f70-5eea8253bf62,europe,78.7198519,20.3493328,Luxury,2.0,5.0,5.0,1.0,1.0,2.0,2.0,1.0,5.0,Unknown,Unknown,121.87,Unknown,4.55,4.5,Unknown,513
Unknown,Unknown,Finland,Lapland,Unknown,Unknown,1767.5,1.5,4.5,0.0,Unknown,Unknown,"Snow-draped landscapes, shimmering northern lights, and cozy log cabins create a magical atmosphere perfect for winter adventures and quiet reflection.",Unknown,0.1,Unknown,1a9464a8-353a-4572-aac3-297de01aa6da,europe,67.69291045,26.728214183162983,Luxury,3.0,4.0,5.0,1.0,2.0,3.0,3.0,2.0,5.0,Unknown,Unknown,121.87,Unknown,4.55,4.5,Unknown,443
Unknown,Unknown,Tunisia,Tunis,Unknown,Unknown,1767.5,1.5,4.5,0.0,Unknown,Unknown,"Wander through bustling souks and historic medinas, where the scent of spices and the call to prayer create an enchanting atmosphere.",Unknown,0.1,Unknown,4959b5b0-bc55-450f-a2c5-9076efac17a7,africa,36.8002068,10.1857757,Budget,4.0,3.0,3.0,3.0,3.0,4.0,3.0,3.0,2.0,Unknown,Unknown,121.87,Unknown,4.55,4.5,Unknown,532
Unknown,Unknown,United States,San Francisco,Unknown,Unknown,1767.5,1.5,4.5,0.0,Unknown,Unknown,"Fog-kissed hills, eclectic neighborhoods, and the scent of fresh sea air create an inviting and dynamic atmosphere that's both laid-back and vibrant.",Unknown,0.1,Unknown,9bb1538a-f6b4-450f-812f-20d1ebc2c6eb,north_america,37.7792588,122.4193286,Luxury,5.0,3.0,4.0,3.0,4.0,5.0,3.0,5.0,2.0,Unknown,Unknown,121.87,Unknown,4.55,4.5,Unknown,271
Unknown,Unknown,United States,Boston,Unknown,Unknown,1767.5,1.5,4.5,0.0,Unknown,Unknown,"Historic streets meet modern innovation, offering a mix of charming neighborhoods, rich history, and vibrant cultural scenes that invite exploration and discovery.",Unknown,0.1,Unknown,0e639efe-ac01-44b3-8716-2da67148d47c,north_america,42.3554334,71.060511,Luxury,5.0,2.0,3.0,2.0,4.0,4.0,3.0,5.0,2.0,Unknown,Unknown,121.87,Unknown,4.55,4.5,Unknown,306
Unknown,Unknown,New Zealand,Rotorua,Unknown,Unknown,1767.5,1.5,4.5,0.0,Unknown,Unknown,"Steam rises from bubbling mud pools and the air is filled with the scent of sulfur, creating a unique geothermal wonderland.",Unknown,0.1,Unknown,3b9ab1a4-a090-45f5-b101-a73f33a67a6c,oceania,38.1381493,176.252922,Mid-range,4.0,4.0,5.0,2.0,3.0,3.0,5.0,3.0,3.0,Unknown,Unknown,121.87,Unknown,4.55,4.5,Unknown,446
Unknown,Unknown,Argentina,El Chaltén,Unknown,Unknown,1767.5,1.5,4.5,0.0,Unknown,Unknown,"Nestled amidst rugged peaks and vast landscapes, this charming village offers a sense of tranquility and awe-inspiring natural beauty.",Unknown,0.1,Unknown,f52d85c4-fee6-4b7b-a181-fa7b0c8adaa0,south_america,49.3319564,72.8860438,Budget,2.0,5.0,5.0,1.0,2.0,3.0,3.0,1.0,4.0,Unknown,Unknown,121.87,Unknown,4.55,4.5,Unknown,392
Unknown,Unknown,U.S. Virgin Islands,Christiansted,Unknown,Unknown,1767.5,1.5,4.5,0.0,Unknown,Unknown,"Charming streets lined with pastel-hued buildings, ocean breezes carrying the scent of salt, and a laid-back Caribbean vibe invite relaxation.",Unknown,0.1,Unknown,4387a20c-e5eb-437f-9afc-23c940594043,north_america,17.7439481,64.7079823,Mid-range,3.0,4.0,4.0,5.0,3.0,4.0,3.0,2.0,4.0,Unknown,Unknown,121.87,Unknown,4.55,4.5,Unknown,193
Unknown,Unknown,United States,Houston,Unknown,Unknown,1767.5,1.5,4.5,0.0,Unknown,Unknown,"A sprawling city where vibrant cultural districts, lively food scenes, and lush parks create a welcoming atmosphere full of discovery and warmth.",Unknown,0.1,Unknown,558816ef-9f17-4b93-a221-8aac47d03f00,north_america,29.7589382,95.3676974,Mid-range,4.0,3.0,3.0,2.0,4.0,5.0,3.0,5.0,2.0,Unknown,Unknown,121.87,Unknown,4.55,4.5,Unknown,55
Unknown,Unknown,United States,San Diego,Unknown,Unknown,1767.5,1.5,4.5,0.0,Unknown,Unknown,"Sun-drenched beaches, vibrant neighborhoods, and an easygoing vibe invite you to savor ocean breezes and explore diverse, lively cultural spots.",Unknown,0.1,Unknown,968021b5-7a8a-4e1e-bd31-574dd60a9975,north_america,32.7174202,117.162772,Mid-range,4.0,4.0,4.0,5.0,4.0,4.0,4.0,4.0,3.0,Unknown,Unknown,121.87,Unknown,4.55,4.5,Unknown,459
Unknown,Unknown,India,Ladakh,Unknown,Unknown,1767.5,1.5,4.5,0.0,Unknown,Unknown,"Rugged landscapes with towering mountains and serene monasteries create a tranquil yet awe-inspiring atmosphere, perfect for those seeking adventure and peace.",Unknown,0.1,Unknown,59d1b605-e2ed-4069-ab3b-b279346d1582,asia,34.0242098,77.2036739,Budget,4.0,5.0,5.0,1.0,1.0,3.0,3.0,1.0,5.0,Unknown,Unknown,121.87,Unknown,4.55,4.5,Unknown,430
Unknown,Unknown,Morocco,Chefchaouen,Unknown,Unknown,1767.5,1.5,4.5,0.0,Unknown,Unknown,"Wander through winding blue-washed alleys, breathe in the fresh mountain air, and feel a serene calm envelop you in this charming town.",Unknown,0.1,Unknown,c1df028c-84c0-404a-a0c0-4f65e1b25357,africa,35.1700832,5.2766582971063976,Budget,4.0,3.0,4.0,1.0,2.0,4.0,3.0,2.0,4.0,Unknown,Unknown,121.87,Unknown,4.55,4.5,Unknown,536
Unknown,Unknown,Ukraine,Lviv,Unknown,Unknown,1767.5,1.5,4.5,0.0,Unknown,Unknown,"Cobblestone streets, charming coffeehouses, and a rich tapestry of history and culture create a warm and inviting atmosphere for exploration.",Unknown,0.1,Unknown,b53ea9ad-2c8b-4467-9764-1edb3b922ea4,europe,49.841952,24.0315921,Budget,5.0,2.0,3.0,1.0,3.0,4.0,3.0,3.0,3.0,Unknown,Unknown,121.87,Unknown,4.55,4.5,Unknown,226
Unknown,Unknown,United States,Nashville,Unknown,Unknown,1767.5,1.5,4.5,0.0,Unknown,Unknown,"Lively streets filled with music and friendly faces, where the aroma of Southern cuisine mingles with the vibrant energy of live performances.",Unknown,0.1,Unknown,54425ba9-ac85-490b-8064-4260eb382f2c,north_america,36.1622767,86.7742984,Mid-range,4.0,2.0,2.0,1.0,5.0,4.0,3.0,4.0,2.0,Unknown,Unknown,121.87,Unknown,4.55,4.5,Unknown,323
Unknown,Unknown,United States,Cleveland,Unknown,Unknown,1767.5,1.5,4.5,0.0,Unknown,Unknown,"A city where industrial roots meet cultural renaissance, offering lively arts scenes, lakefront breezes, and a welcoming Midwestern charm.",Unknown,0.1,Unknown,af0c0c0e-6e3a-4157-8219-cdbd7fb23a81,north_america,41.4996574,81.6936772,Mid-range,4.0,2.0,3.0,2.0,3.0,4.0,3.0,3.0,2.0,Unknown,Unknown,121.87,Unknown,4.55,4.5,Unknown,26
Unknown,Unknown,Spain,Ronda,Unknown,Unknown,1767.5,1.5,4.5,0.0,Unknown,Unknown,Dramatic cliffs and a historic stone bridge create a breathtaking backdrop for wandering cobblestone streets and savoring local wines in sunlit plazas.,Unknown,0.1,Unknown,b4a73043-c9d4-40b3-83df-1ead4d144b4c,europe,36.7421339,5.1665916,Mid-range,4.0,3.0,4.0,1.0,2.0,4.0,3.0,2.0,4.0,Unknown,Unknown,121.87,Unknown,4.55,4.5,Unknown,254
Unknown,Unknown,United Kingdom,London,Unknown,Unknown,1767.5,1.5,4.5,0.0,Unknown,Unknown,"Iconic landmarks, bustling markets, and a rich tapestry of culture create a vibrant atmosphere that feels both historic and ever-evolving.",Unknown,0.1,Unknown,577b9315-b7a1-489f-9f37-c705858b1162,europe,51.4893335,0.1440550845276872,Luxury,5.0,2.0,3.0,1.0,5.0,5.0,3.0,5.0,2.0,Unknown,Unknown,121.87,Unknown,4.55,4.5,Unknown,309
Unknown,Unknown,United States,Rochester,Unknown,Unknown,1767.5,1.5,4.5,0.0,Unknown,Unknown,"Charming and unhurried, with scenic river views, vibrant arts, and a welcoming community vibe that makes you feel right at home.",Unknown,0.1,Unknown,a658f5c4-f1b4-4592-9bcd-823956973b8d,north_america,43.157285,77.615214,Mid-range,3.0,2.0,3.0,2.0,3.0,3.0,3.0,3.0,3.0,Unknown,Unknown,121.87,Unknown,4.55,4.5,Unknown,118
Unknown,Unknown,Namibia,Namibia,Unknown,Unknown,1767.5,1.5,4.5,0.0,Unknown,Unknown,"Vast desert landscapes meet rugged coastlines, creating a sense of awe and solitude, while vibrant wildlife offers thrilling encounters in nature.",Unknown,0.1,Unknown,7880793a-92c4-4f87-a64a-f238fe4ef46e,africa,23.2335499,17.3231107,Mid-range,3.0,5.0,5.0,2.0,2.0,3.0,3.0,2.0,5.0,Unknown,Unknown,121.87,Unknown,4.55,4.5,Unknown,512
Unknown,Unknown,United States,Memphis,Unknown,Unknown,1767.5,1.5,4.5,0.0,Unknown,Unknown,"Blues music fills the air as you wander through lively streets, savoring the aroma of smoky barbecue and the warmth of Southern hospitality.",Unknown,0.1,Unknown,d521e276-3af5-4538-b17b-a1c8836d15b7,north_america,35.1460249,90.0517638,Mid-range,4.0,3.0,2.0,1.0,4.0,4.0,3.0,3.0,2.0,Unknown,Unknown,121.87,Unknown,4.55,4.5,Unknown,87
Unknown,Unknown,Turkmenistan,Ashgabat,Unknown,Unknown,1767.5,1.5,4.5,0.0,Unknown,Unknown,"Marble-clad buildings rise against a backdrop of desert landscapes, offering a surreal blend of modernity and tradition with a touch of mystery.",Unknown,0.1,Unknown,bee0bdaf-43b3-4d6e-80a3-eebf8cccb1cc,asia,37.9404648,58.3823487,Luxury,3.0,2.0,2.0,1.0,2.0,3.0,2.0,3.0,4.0,Unknown,Unknown,121.87,Unknown,4.55,4.5,Unknown,373
Unknown,Unknown,Mexico,Tulum,Unknown,Unknown,1767.5,1.5,4.5,0.0,Unknown,Unknown,"Pristine beaches with turquoise waters meet ancient ruins and vibrant jungle, creating an inviting blend of relaxation and adventure.",Unknown,0.1,Unknown,456e0998-8b34-4b5a-8898-fdd801f472a4,north_america,20.429647,87.6529306,Mid-range,3.0,4.0,4.0,5.0,3.0,4.0,5.0,2.0,4.0,Unknown,Unknown,121.87,Unknown,4.55,4.5,Unknown,413
Unknown,Unknown,United States,Honolulu,Unknown,Unknown,1767.5,1.5,4.5,0.0,Unknown,Unknown,"Golden beaches meet vibrant city life, where the scent of plumeria and the sounds of ukulele create a laid-back, tropical vibe.",Unknown,0.1,Unknown,a7573be8-bfc0-479c-9baa-7d824d1f9315,oceania,21.304547,157.855676,Luxury,4.0,4.0,5.0,5.0,4.0,4.0,4.0,4.0,2.0,Unknown,Unknown,121.87,Unknown,4.55,4.5,Unknown,283
Unknown,Unknown,Uzbekistan,Tashkent,Unknown,Unknown,1767.5,1.5,4.5,0.0,Unknown,Unknown,"Wide avenues lined with Soviet-era architecture meet vibrant bazaars, creating a unique blend of history and lively local culture.",Unknown,0.1,Unknown,232e9cad-e761-42b2-ad5d-eac5c63500ff,asia,41.3123363,69.2787079,Budget,4.0,3.0,3.0,1.0,3.0,4.0,3.0,3.0,2.0,Unknown,Unknown,121.87,Unknown,4.55,4.5,Unknown,550
Unknown,Unknown,China,Yangshuo,Unknown,Unknown,1767.5,1.5,4.5,0.0,Unknown,Unknown,Lush karst mountains and tranquil rivers create a serene backdrop for cycling through rice paddies and exploring vibrant local markets.,Unknown,0.1,Unknown,6c7cf28b-e9b3-4620-985e-e51fb626aa64,asia,24.8630286,110.4871831,Budget,3.0,4.0,5.0,2.0,2.0,3.0,3.0,2.0,4.0,Unknown,Unknown,121.87,Unknown,4.55,4.5,Unknown,349
Unknown,Unknown,Malaysia,Kuala Lumpur,Unknown,Unknown,1767.5,1.5,4.5,0.0,Unknown,Unknown,"Bustling streets filled with diverse aromas and vibrant markets create a lively atmosphere, blending modern skyscrapers with rich cultural heritage.",Unknown,0.1,Unknown,cdc43353-203d-43ea-91ec-ccdff3e15160,asia,3.1526589,101.7022205,Mid-range,4.0,3.0,3.0,2.0,4.0,5.0,3.0,5.0,2.0,Unknown,Unknown,121.87,Unknown,4.55,4.5,Unknown,100
Unknown,Unknown,United Kingdom,Cornwall,Unknown,Unknown,1767.5,1.5,4.5,0.0,Unknown,Unknown,"Rugged coastlines, charming villages, and sweeping beaches offer a sense of tranquility and timeless beauty, perfect for unwinding and exploring.",Unknown,0.1,Unknown,2a2808ca-2382-4d3e-b28b-af9837c5a3f7,europe,50.4433489,4.62465658489158,Mid-range,3.0,4.0,5.0,5.0,2.0,3.0,3.0,2.0,4.0,Unknown,Unknown,121.87,Unknown,4.55,4.5,Unknown,428
Unknown,Unknown,Bangladesh,Dhaka,Unknown,Unknown,1767.5,1.5,4.5,0.0,Unknown,Unknown,"A whirlwind of vibrant street life, bustling markets, and a rich tapestry of history and culture, offering endless sensory experiences.",Unknown,0.1,Unknown,6ee0fe94-2e9b-46ef-8bfc-5e218132332b,asia,23.7643863,90.3890144,Budget,4.0,2.0,2.0,1.0,3.0,4.0,2.0,3.0,1.0,Unknown,Unknown,121.87,Unknown,4.55,4.5,Unknown,70
Unknown,Unknown,United States,Seattle,Unknown,Unknown,1767.5,1.5,4.5,0.0,Unknown,Unknown,"A city where misty mornings blend with vibrant markets and lush green spaces, offering a cozy yet dynamic urban experience.",Unknown,0.1,Unknown,df941b8b-5907-43b3-bd73-505845313873,north_america,47.6038321,122.330062,Luxury,4.0,3.0,4.0,2.0,3.0,4.0,3.0,5.0,2.0,Unknown,Unknown,121.87,Unknown,4.55,4.5,Unknown,27
Unknown,Unknown,Kyrgyzstan,Bishkek,Unknown,Unknown,1767.5,1.5,4.5,0.0,Unknown,Unknown,Wide boulevards lined with Soviet-era architecture and bustling bazaars create a unique blend of history and vibrant local life.,Unknown,0.1,Unknown,48a8a9bd-7834-4db5-931e-151691e32ada,asia,42.8777895,74.6066926,Budget,3.0,4.0,4.0,1.0,3.0,3.0,2.0,3.0,4.0,Unknown,Unknown,121.87,Unknown,4.55,4.5,Unknown,553
Unknown,Unknown,Cambodia,Siem Reap,Unknown,Unknown,1767.5,1.5,4.5,0.0,Unknown,Unknown,"Ancient temples rise through the jungle mist, while bustling markets and vibrant street food create a lively, sensory-rich experience.",Unknown,0.1,Unknown,e0fba8c3-0e00-421a-8a31-c5001184dc97,asia,13.3617562,103.8590321,Budget,5.0,3.0,4.0,1.0,3.0,4.0,3.0,3.0,3.0,Unknown,Unknown,121.87,Unknown,4.55,4.5,Unknown,81
Unknown,Unknown,Chile,Valdivia,Unknown,Unknown,1767.5,1.5,4.5,0.0,Unknown,Unknown,"Riverside charm and lush green landscapes create a serene atmosphere, with the scent of fresh seafood and the sound of birdsong nearby.",Unknown,0.1,Unknown,066b90ea-034a-48e3-9011-d2095c02efaa,south_america,39.8141262,73.2459859,Mid-range,3.0,4.0,4.0,3.0,3.0,4.0,3.0,3.0,4.0,Unknown,Unknown,121.87,Unknown,4.55,4.5,Unknown,422
Unknown,Unknown,Argentina,Salta,Unknown,Unknown,1767.5,1.5,4.5,0.0,Unknown,Unknown,"Stunning mountain landscapes, vibrant local markets, and the warmth of traditional folklore create an inviting and colorful atmosphere.",Unknown,0.1,Unknown,3f3f5613-56d6-464b-a1de-437c2246292b,south_america,25.1076701,64.3494964,Mid-range,4.0,4.0,5.0,1.0,3.0,4.0,3.0,3.0,4.0,Unknown,Unknown,121.87,Unknown,4.55,4.5,Unknown,455
Unknown,Unknown,Croatia,Split,Unknown,Unknown,1767.5,1.5,4.5,0.0,Unknown,Unknown,Wander through ancient stone streets where the Adriatic breeze mingles with lively chatter and the scent of fresh seafood from bustling markets.,Unknown,0.1,Unknown,92098031-bc52-4fac-b1df-2dfe76a8de6c,europe,43.5116383,16.4399659,Mid-range,4.0,3.0,4.0,4.0,4.0,4.0,3.0,3.0,3.0,Unknown,Unknown,121.87,Unknown,4.55,4.5,Unknown,529
Unknown,Unknown,Ecuador,Galápagos Islands,Unknown,Unknown,1767.5,1.5,4.5,0.0,Unknown,Unknown,"Pristine landscapes teeming with unique wildlife create an atmosphere of untouched beauty, where every moment feels like an intimate encounter with nature.",Unknown,0.1,Unknown,a49ee9f6-6273-4716-9985-1ebffd5c328c,south_america,0.62881505,90.3638752022324,Luxury,3.0,5.0,5.0,4.0,1.0,3.0,2.0,1.0,5.0,Unknown,Unknown,121.87,Unknown,4.55,4.5,Unknown,415
Unknown,Unknown,Italy,Florence,Unknown,Unknown,1767.5,1.5,4.5,0.0,Unknown,Unknown,"Cobblestone streets filled with art, the aroma of fresh espresso, and vibrant piazzas create a captivating blend of history and modern life.",Unknown,0.1,Unknown,ae00c442-bbff-44db-9385-f8af3eda88b4,europe,43.7697955,11.2556404,Mid-range,5.0,2.0,3.0,1.0,3.0,5.0,3.0,4.0,2.0,Unknown,Unknown,121.87,Unknown,4.55,4.5,Unknown,214
Unknown,Unknown,United States,Philadelphia,Unknown,Unknown,1767.5,1.5,4.5,0.0,Unknown,Unknown,"Historic cobblestone streets meet a vibrant arts scene, with lively markets and diverse neighborhoods creating a welcoming and dynamic urban experience.",Unknown,0.1,Unknown,30c3bd69-5bec-4c0b-b009-bd322b13d554,north_america,39.9527237,75.1635262,Mid-range,4.0,2.0,3.0,1.0,4.0,4.0,3.0,4.0,2.0,Unknown,Unknown,121.87,Unknown,4.55,4.5,Unknown,298
Unknown,Unknown,France,Bordeaux,Unknown,Unknown,1767.5,1.5,4.5,0.0,Unknown,Unknown,"Strolling through sun-dappled streets, you'll find stunning architecture, vibrant markets, and the rich aroma of freshly baked baguettes filling the air.",Unknown,0.1,Unknown,04624f1d-9d64-4b83-a228-9914ef03c43e,europe,44.841225,0.5800364,Mid-range,4.0,2.0,3.0,2.0,3.0,5.0,3.0,4.0,3.0,Unknown,Unknown,121.87,Unknown,4.55,4.5,Unknown,453
Unknown,Unknown,France,Strasbourg,Unknown,Unknown,1767.5,1.5,4.5,0.0,Unknown,Unknown,"Charming cobblestone streets lined with half-timbered houses, the aroma of freshly baked pastries, and the gentle flow of the canals create a fairy-tale ambiance.",Unknown,0.1,Unknown,4b7bab82-52b8-4827-a591-750c48a47f39,europe,48.584614,7.7507127,Mid-range,5.0,2.0,3.0,1.0,3.0,4.0,3.0,4.0,3.0,Unknown,Unknown,121.87,Unknown,4.55,4.5,Unknown,142
Unknown,Unknown,Palau,Palau,Unknown,Unknown,1767.5,1.5,4.5,0.0,Unknown,Unknown,"Crystal-clear waters teeming with marine life, lush forests, and a serene atmosphere offer a tranquil escape for nature lovers and adventurers alike.",Unknown,0.1,Unknown,5b04742c-8938-413a-9050-370d3bc3115b,oceania,5.3783537,132.9102573,Luxury,3.0,5.0,5.0,5.0,2.0,3.0,3.0,2.0,4.0,Unknown,Unknown,121.87,Unknown,4.55,4.5,Unknown,245
Unknown,Unknown,Grenada,St. George's,Unknown,Unknown,1767.5,1.5,4.5,0.0,Unknown,Unknown,"Colorful streets wind around a picturesque harbor, where the scent of spices mingles with the sea breeze, creating a vibrant, laid-back charm.",Unknown,0.1,Unknown,2302c9dd-263d-434c-8adf-cab28e3ba21d,north_america,12.0535331,61.751805,Mid-range,3.0,3.0,4.0,5.0,3.0,4.0,4.0,2.0,4.0,Unknown,Unknown,121.87,Unknown,4.55,4.5,Unknown,238
Unknown,Unknown,Hungary,Debrecen,Unknown,Unknown,1767.5,1.5,4.5,0.0,Unknown,Unknown,"Tree-lined streets, charming squares, and a blend of old-world charm with modern vibrancy create a welcoming and relaxed atmosphere.",Unknown,0.1,Unknown,0db57fc8-4359-415e-b18c-9b9da6d98e3d,europe,47.531399,21.6259782,Budget,3.0,2.0,3.0,1.0,3.0,3.0,3.0,3.0,3.0,Unknown,Unknown,121.87,Unknown,4.55,4.5,Unknown,497
Unknown,Unknown,Greece,Crete,Unknown,Unknown,1767.5,1.5,4.5,0.0,Unknown,Unknown,"Sun-drenched beaches, ancient ruins, and vibrant local markets create a tapestry of experiences that feel both timeless and refreshingly alive.",Unknown,0.1,Unknown,1d7edb41-df70-4877-ac88-c1baaa72b923,europe,35.3084952,24.46334231842296,Mid-range,4.0,4.0,5.0,5.0,3.0,5.0,4.0,3.0,4.0,Unknown,Unknown,121.87,Unknown,4.55,4.5,Unknown,457
Unknown,Unknown,United States,Baltimore,Unknown,Unknown,1767.5,1.5,4.5,0.0,Unknown,Unknown,"Historic cobblestone streets meet vibrant waterfronts, offering a lively mix of seafood aromas, street art, and a welcoming, laid-back vibe.",Unknown,0.1,Unknown,dbac5f44-f433-4f28-b05c-e9b193b346c0,north_america,39.2908816,76.610759,Mid-range,4.0,3.0,3.0,2.0,4.0,4.0,3.0,4.0,2.0,Unknown,Unknown,121.87,Unknown,4.55,4.5,Unknown,299
Unknown,Unknown,Papua New Guinea,Madang,Unknown,Unknown,1767.5,1.5,4.5,0.0,Unknown,Unknown,"Tropical breezes, vibrant coral reefs, and lush rainforests create a serene paradise where nature and local culture warmly embrace visitors.",Unknown,0.1,Unknown,c9154e0a-44ac-4562-aa0e-3081d51e1730,oceania,5.0,145.5,Budget,4.0,4.0,5.0,4.0,2.0,3.0,2.0,2.0,4.0,Unknown,Unknown,121.87,Unknown,4.55,4.5,Unknown,504
Unknown,Unknown,Italy,Taormina,Unknown,Unknown,1767.5,1.5,4.5,0.0,Unknown,Unknown,"Dramatic coastal views, ancient ruins, and charming piazzas create a picturesque setting that invites leisurely exploration and indulgent moments.",Unknown,0.1,Unknown,35de48dc-19c9-4e54-b788-da248d0e45d4,europe,37.8512218,15.2830191,Mid-range,4.0,3.0,4.0,4.0,3.0,5.0,3.0,3.0,4.0,Unknown,Unknown,121.87,Unknown,4.55,4.5,Unknown,255
Unknown,Unknown,Japan,Takayama,Unknown,Unknown,1767.5,1.5,4.5,0.0,Unknown,Unknown,"Charming wooden houses, serene streets, and the gentle flow of the river create a peaceful atmosphere perfect for unwinding and exploration.",Unknown,0.1,Unknown,66355823-318b-4699-8244-a884d90e3e52,asia,36.1396246,137.2510322,Mid-range,5.0,2.0,4.0,1.0,2.0,4.0,3.0,2.0,4.0,Unknown,Unknown,121.87,Unknown,4.55,4.5,Unknown,200
Unknown,Unknown,United States,Phoenix,Unknown,Unknown,1767.5,1.5,4.5,0.0,Unknown,Unknown,"Desert landscapes meet urban sophistication, offering vibrant arts, diverse dining, and endless sunshine, making every visit feel like a warm embrace.",Unknown,0.1,Unknown,e8ca28df-95b8-4dd9-9190-28b80725ea25,north_america,33.4484367,112.074141,Mid-range,3.0,4.0,4.0,1.0,3.0,3.0,4.0,3.0,3.0,Unknown,Unknown,121.87,Unknown,4.55,4.5,Unknown,253
Unknown,Unknown,Malawi,Blantyre,Unknown,Unknown,1767.5,1.5,4.5,0.0,Unknown,Unknown,"A city where bustling markets, friendly locals, and the aroma of street food create a vibrant and welcoming atmosphere.",Unknown,0.1,Unknown,28e1fcbb-ce3c-418e-bb2d-421e3be81b2f,africa,15.7862543,35.0035694,Budget,3.0,3.0,4.0,1.0,2.0,3.0,2.0,3.0,4.0,Unknown,Unknown,121.87,Unknown,4.55,4.5,Unknown,22
Unknown,Unknown,Venezuela,Caracas,Unknown,Unknown,1767.5,1.5,4.5,0.0,Unknown,Unknown,"Vibrant streets filled with lively music and bustling markets, surrounded by lush mountains and offering a mix of urban and natural beauty.",Unknown,0.1,Unknown,ecaa1ebe-5e59-464c-8fae-42abbddcc734,south_america,10.5060934,66.9146008,Budget,4.0,3.0,4.0,3.0,3.0,4.0,2.0,3.0,2.0,Unknown,Unknown,121.87,Unknown,4.55,4.5,Unknown,521
Unknown,Unknown,Vietnam,Da Lat,Unknown,Unknown,1767.5,1.5,4.5,0.0,Unknown,Unknown,"Misty mornings, lush pine forests, and vibrant markets create a serene escape with a refreshing blend of nature and local culture.",Unknown,0.1,Unknown,c62183f8-3057-4af8-9d51-1cba9559f61b,asia,11.9373899,108.4286786,Budget,3.0,4.0,5.0,1.0,2.0,4.0,4.0,3.0,4.0,Unknown,Unknown,121.87,Unknown,4.55,4.5,Unknown,381
Unknown,Unknown,United States,New York City,Unknown,Unknown,1767.5,1.5,4.5,0.0,Unknown,Unknown,"Skyscrapers touch the sky as vibrant streets buzz with energy, offering a sensory overload of sights, sounds, and diverse cultures.",Unknown,0.1,Unknown,eb3c14bc-9e8d-47f1-ba13-95e308ff7e11,north_america,40.7127281,74.0060152,Luxury,5.0,3.0,3.0,2.0,5.0,5.0,3.0,5.0,1.0,Unknown,Unknown,121.87,Unknown,4.55,4.5,Unknown,439
Unknown,Unknown,Vietnam,Sapa,Unknown,Unknown,1767.5,1.5,4.5,0.0,Unknown,Unknown,"Rolling green terraces and misty mountain vistas create a serene escape, where vibrant local cultures and tranquil landscapes embrace visitors warmly.",Unknown,0.1,Unknown,180cca4b-7d0f-41a2-99a1-27c58d512572,asia,22.3359246,103.8426749,Budget,4.0,4.0,5.0,1.0,2.0,3.0,3.0,2.0,4.0,Unknown,Unknown,121.87,Unknown,4.55,4.5,Unknown,425
Unknown,Unknown,Mexico,Guadalajara,Unknown,Unknown,1767.5,1.5,4.5,0.0,Unknown,Unknown,"Colorful streets, lively mariachi music, and the rich aroma of street food create an inviting blend of tradition and modernity.",Unknown,0.1,Unknown,4265c1eb-e4f6-4b71-8442-56ad4483a5e4,north_america,20.6720375,103.338396,Mid-range,5.0,3.0,3.0,1.0,4.0,5.0,3.0,4.0,2.0,Unknown,Unknown,121.87,Unknown,4.55,4.5,Unknown,239
Unknown,Unknown,United States,Anchorage,Unknown,Unknown,1767.5,1.5,4.5,0.0,Unknown,Unknown,"Surrounded by breathtaking mountains and vast wilderness, this city offers a refreshing blend of rugged adventure and cozy urban charm.",Unknown,0.1,Unknown,6c222aca-bad0-4114-a0f8-d271510a86a0,north_america,61.2163129,149.894852,Mid-range,3.0,4.0,5.0,2.0,2.0,3.0,3.0,3.0,4.0,Unknown,Unknown,121.87,Unknown,4.55,4.5,Unknown,477
Unknown,Unknown,Bhutan,Bhutan,Unknown,Unknown,1767.5,1.5,4.5,0.0,Unknown,Unknown,"Mist-shrouded mountains and vibrant monasteries offer a serene escape, where spiritual tranquility and breathtaking landscapes merge for an unforgettable experience.",Unknown,0.1,Unknown,196e96f8-6055-4123-beaa-957b027ee1f9,asia,27.549511,90.5119273,Luxury,5.0,4.0,5.0,1.0,1.0,3.0,4.0,2.0,5.0,Unknown,Unknown,121.87,Unknown,4.55,4.5,Unknown,377
Unknown,Unknown,Uzbekistan,Samarkand,Unknown,Unknown,1767.5,1.5,4.5,0.0,Unknown,Unknown,"Ancient architecture glimmers under the sun, with vibrant bazaars and fragrant spices creating an intoxicating blend of history and culture.",Unknown,0.1,Unknown,d4345f6e-b465-4dc0-abfe-f230b87aefb7,asia,39.6550017,66.9756954,Budget,5.0,3.0,3.0,1.0,2.0,4.0,2.0,3.0,3.0,Unknown,Unknown,121.87,Unknown,4.55,4.5,Unknown,76
Unknown,Unknown,New Zealand,Wellington,Unknown,Unknown,1767.5,1.5,4.5,0.0,Unknown,Unknown,"Charming harborside views, vibrant arts scene, and a cozy mix of urban buzz and nature create a welcoming, eclectic atmosphere.",Unknown,0.1,Unknown,a33298f1-58d1-403d-984e-f7744a8e1746,oceania,41.2887953,174.7772114,Mid-range,4.0,3.0,4.0,3.0,4.0,4.0,3.0,4.0,2.0,Unknown,Unknown,121.87,Unknown,4.55,4.5,Unknown,171
Unknown,Unknown,Pakistan,Lahore,Unknown,Unknown,1767.5,1.5,4.5,0.0,Unknown,Unknown,"Bustling streets alive with vibrant colors and the aroma of spices, offering a rich tapestry of history, culture, and warm hospitality.",Unknown,0.1,Unknown,316ef402-4768-456e-98b3-87fad9b0a5c1,asia,31.5656822,74.3141829,Budget,5.0,3.0,2.0,1.0,3.0,5.0,3.0,4.0,2.0,Unknown,Unknown,121.87,Unknown,4.55,4.5,Unknown,98
Unknown,Unknown,Chile,San Pedro de Atacama,Unknown,Unknown,1767.5,1.5,4.5,0.0,Unknown,Unknown,"Endless desert vistas meet surreal landscapes, where clear night skies reveal a tapestry of stars, creating an otherworldly sense of tranquility and wonder.",Unknown,0.1,Unknown,36d2ef8d-984f-44db-8343-7b70c26e8bf1,south_america,22.910832,68.2001376,Mid-range,3.0,5.0,5.0,1.0,2.0,3.0,3.0,2.0,5.0,Unknown,Unknown,121.87,Unknown,4.55,4.5,Unknown,262
Unknown,Unknown,Portugal,Madeira,Unknown,Unknown,1767.5,1.5,4.5,0.0,Unknown,Unknown,"Lush landscapes meet dramatic cliffs, where ocean breezes carry the scent of flowers and adventure awaits around every winding path.",Unknown,0.1,Unknown,12bac5cc-d5e5-4418-aec5-2805cfe04257,europe,32.751750099999995,16.98174865726062,Mid-range,3.0,4.0,5.0,3.0,3.0,4.0,4.0,3.0,4.0,Unknown,Unknown,121.87,Unknown,4.55,4.5,Unknown,354
Unknown,Unknown,Albania,Gjirokastër,Unknown,Unknown,1767.5,1.5,4.5,0.0,Unknown,Unknown,"Winding cobblestone streets and stone-roofed houses create a timeless atmosphere, with echoes of history in every corner and stunning mountain views.",Unknown,0.1,Unknown,cb72a09a-88af-4d3b-a950-b353a445b54c,europe,40.0770871,20.1393359,Budget,5.0,3.0,4.0,1.0,2.0,3.0,2.0,2.0,4.0,Unknown,Unknown,121.87,Unknown,4.55,4.5,Unknown,564
Unknown,Unknown,Australia,Brisbane,Unknown,Unknown,1767.5,1.5,4.5,0.0,Unknown,Unknown,"Sun-drenched streets and lush riverside parks create a laid-back vibe, with vibrant markets and buzzing eateries adding a lively local flavor.",Unknown,0.1,Unknown,eb8d23c9-8122-4bb2-8325-e37036397a1c,oceania,27.4689682,153.0234991,Mid-range,4.0,4.0,4.0,3.0,4.0,4.0,3.0,4.0,2.0,Unknown,Unknown,121.87,Unknown,4.55,4.5,Unknown,469
Unknown,Unknown,Czech Republic,Cesky Krumlov,Unknown,Unknown,1767.5,1.5,4.5,0.0,Unknown,Unknown,"Winding cobblestone streets, charming medieval architecture, and the gentle flow of the Vltava River create a fairy-tale atmosphere you'll never forget.",Unknown,0.1,Unknown,5a296eaa-b786-420f-8a2d-08db36260144,europe,48.8106526,14.3150586,Mid-range,5.0,2.0,4.0,1.0,2.0,3.0,2.0,2.0,4.0,Unknown,Unknown,121.87,Unknown,4.55,4.5,Unknown,565
Unknown,Unknown,Saint Kitts and Nevis,Basseterre,Unknown,Unknown,1767.5,1.5,4.5,0.0,Unknown,Unknown,"Lush landscapes and vibrant markets create a lively yet laid-back atmosphere, where the rhythm of island life feels both invigorating and soothing.",Unknown,0.1,Unknown,ec2e76e8-1944-4282-962d-276573d0ceef,north_america,17.2960919,62.722301,Mid-range,3.0,3.0,4.0,4.0,3.0,4.0,3.0,2.0,4.0,Unknown,Unknown,121.87,Unknown,4.55,4.5,Unknown,352
Unknown,Unknown,Solomon Islands,Honiara,Unknown,Unknown,1767.5,1.5,4.5,0.0,Unknown,Unknown,"Lush tropical landscapes meet vibrant local markets, offering an authentic and immersive experience in a laid-back island atmosphere.",Unknown,0.1,Unknown,a5064014-fa4f-4864-b491-a65fa2d68229,oceania,9.4310769,159.9552552,Mid-range,3.0,3.0,4.0,3.0,2.0,2.0,2.0,2.0,4.0,Unknown,Unknown,121.87,Unknown,4.55,4.5,Unknown,369
Unknown,Unknown,Italy,Siena,Unknown,Unknown,1767.5,1.5,4.5,0.0,Unknown,Unknown,"Medieval streets wind through sunlit squares, where the aroma of fresh pasta mingles with the echoes of vibrant local life.",Unknown,0.1,Unknown,7071cc05-1440-4931-88dc-3fa5a4cc15d2,europe,43.16720595,11.467561040475552,Mid-range,5.0,2.0,3.0,1.0,2.0,4.0,3.0,3.0,4.0,Unknown,Unknown,121.87,Unknown,4.55,4.5,Unknown,375
Unknown,Unknown,Spain,La Palma,Unknown,Unknown,1767.5,1.5,4.5,0.0,Unknown,Unknown,"Lush landscapes and volcanic vistas create a serene atmosphere, inviting you to explore its quiet trails and charming coastal villages.",Unknown,0.1,Unknown,4c88db7e-4c60-4395-9464-91ea959e2d13,europe,28.6551163,17.857268565579673,Mid-range,3.0,4.0,5.0,3.0,2.0,3.0,4.0,2.0,4.0,Unknown,Unknown,121.87,Unknown,4.55,4.5,Unknown,353
Unknown,Unknown,Belgium,Ghent,Unknown,Unknown,1767.5,1.5,4.5,0.0,Unknown,Unknown,"Charming canals and medieval architecture create a cozy atmosphere, inviting you to wander through cobblestone streets and discover hidden corners filled with history.",Unknown,0.1,Unknown,58563b14-ffba-4104-88ce-0ba065f5d6ed,europe,51.0538286,3.7250121,Mid-range,5.0,2.0,3.0,1.0,4.0,4.0,3.0,4.0,2.0,Unknown,Unknown,121.87,Unknown,4.55,4.5,Unknown,120
Unknown,Unknown,Brazil,Sao Paulo,Unknown,Unknown,1767.5,1.5,4.5,0.0,Unknown,Unknown,"Energetic streets buzz with life, offering a tapestry of art, diverse cuisine, and vibrant nightlife that captivates every sense.",Unknown,0.1,Unknown,6b93d8e6-ab6a-4a5e-91f8-f42198c06d01,south_america,23.5506507,46.6333824,Mid-range,5.0,3.0,2.0,2.0,5.0,5.0,3.0,5.0,1.0,Unknown,Unknown,121.87,Unknown,4.55,4.5,Unknown,265
Unknown,Unknown,Costa Rica,Monteverde,Unknown,Unknown,1767.5,1.5,4.5,0.0,Unknown,Unknown,"Misty cloud forests and vibrant wildlife create an enchanting atmosphere, where every trail offers a new sensory delight and adventure.",Unknown,0.1,Unknown,84684cae-4fbc-4ea4-9172-5f9d802ba843,north_america,10.29115145,84.81364393886889,Mid-range,3.0,5.0,5.0,1.0,2.0,3.0,3.0,1.0,4.0,Unknown,Unknown,121.87,Unknown,4.55,4.5,Unknown,378
Unknown,Unknown,Tonga,Nukuʻalofa,Unknown,Unknown,1767.5,1.5,4.5,0.0,Unknown,Unknown,"Warm ocean breezes and vibrant markets create a welcoming atmosphere, where the gentle rhythm of island life invites endless exploration.",Unknown,0.1,Unknown,16539924-85a8-441a-8ebd-9c56d6720a35,oceania,21.1343401,175.201808,Mid-range,3.0,3.0,4.0,4.0,2.0,3.0,3.0,2.0,4.0,Unknown,Unknown,121.87,Unknown,4.55,4.5,Unknown,544
Unknown,Unknown,United Kingdom,Birmingham,Unknown,Unknown,1767.5,1.5,4.5,0.0,Unknown,Unknown,"A dynamic mix of industrial charm and modern culture, offering vibrant markets, eclectic eateries, and a rich musical heritage that captivates visitors.",Unknown,0.1,Unknown,074c4c99-13f9-44ea-9ad3-bf573506a04c,europe,52.4796992,1.9026911,Mid-range,4.0,2.0,3.0,1.0,3.0,4.0,3.0,4.0,2.0,Unknown,Unknown,121.87,Unknown,4.55,4.5,Unknown,38
Unknown,Unknown,Italy,Tuscany,Unknown,Unknown,1767.5,1.5,4.5,0.0,Unknown,Unknown,"Rolling hills, sun-drenched vineyards, and charming medieval towns create a picturesque landscape that invites leisurely exploration and indulgent culinary experiences.",Unknown,0.1,Unknown,63290557-b50c-409a-91ef-479598d31de3,europe,43.4586541,11.1389204,Mid-range,5.0,3.0,5.0,2.0,3.0,5.0,4.0,3.0,4.0,Unknown,Unknown,121.87,Unknown,4.55,4.5,Unknown,427
Unknown,Unknown,Canada,Charlottetown,Unknown,Unknown,1767.5,1.5,4.5,0.0,Unknown,Unknown,Charming streets lined with historic buildings and a gentle sea breeze create a welcoming atmosphere perfect for leisurely exploration and relaxation.,Unknown,0.1,Unknown,68ec474b-b008-493b-933c-13e51af9ec83,north_america,46.234953,63.132935,Mid-range,4.0,3.0,4.0,3.0,2.0,3.0,3.0,2.0,4.0,Unknown,Unknown,121.87,Unknown,4.55,4.5,Unknown,189
Unknown,Unknown,United States,St. Louis,Unknown,Unknown,1767.5,1.5,4.5,0.0,Unknown,Unknown,"A fusion of historic charm and modern vibrancy, with leafy parks, jazz-filled streets, and the iconic arch creating a welcoming urban atmosphere.",Unknown,0.1,Unknown,a3c96500-b77a-4133-bc7d-cca24a7e5ae6,north_america,38.6280278,90.1910154,Mid-range,4.0,3.0,3.0,1.0,3.0,4.0,3.0,4.0,2.0,Unknown,Unknown,121.87,Unknown,4.55,4.5,Unknown,39
Unknown,Unknown,United States,Las Vegas,Unknown,Unknown,1767.5,1.5,4.5,0.0,Unknown,Unknown,"Bright lights and endless energy create an exhilarating atmosphere, where entertainment options are as vast and varied as the desert surrounding it.",Unknown,0.1,Unknown,b150cb57-9168-4a88-ad5a-1ceb37ebfa72,north_america,36.1672719,115.1483538,Luxury,3.0,3.0,2.0,1.0,5.0,4.0,3.0,5.0,1.0,Unknown,Unknown,121.87,Unknown,4.55,4.5,Unknown,88
Unknown,Unknown,United States,Detroit,Unknown,Unknown,1767.5,1.5,4.5,0.0,Unknown,Unknown,"Industrial charm meets vibrant arts and music scenes, where historic architecture and modern innovation create a dynamic and inviting urban experience.",Unknown,0.1,Unknown,59e6664b-2503-4e62-87a4-9fbf47c24a9b,north_america,42.3315509,83.0466403,Mid-range,4.0,2.0,2.0,1.0,3.0,3.0,2.0,4.0,2.0,Unknown,Unknown,121.87,Unknown,4.55,4.5,Unknown,312
Unknown,Unknown,China,Suzhou,Unknown,Unknown,1767.5,1.5,4.5,0.0,Unknown,Unknown,"Serene gardens, ancient canals, and the gentle rustle of willow trees create a peaceful escape that invites you to slow down and unwind.",Unknown,0.1,Unknown,dbf5cdef-ff5d-4a67-8dba-8c220669ea4f,asia,31.311123,120.6212881,Mid-range,5.0,2.0,4.0,1.0,3.0,4.0,3.0,3.0,3.0,Unknown,Unknown,121.87,Unknown,4.55,4.5,Unknown,432
Unknown,Unknown,Italy,Sardinia,Unknown,Unknown,1767.5,1.5,4.5,0.0,Unknown,Unknown,"Crystal-clear waters, rugged coastlines, and charming villages create a serene escape where you can unwind and savor local flavors.",Unknown,0.1,Unknown,497a30a0-cdd6-4336-99f3-481f08fcce76,europe,40.0912813,9.0305773,Mid-range,3.0,4.0,5.0,5.0,3.0,4.0,4.0,3.0,4.0,Unknown,Unknown,121.87,Unknown,4.55,4.5,Unknown,250
Unknown,Unknown,Vanuatu,Port Vila,Unknown,Unknown,1767.5,1.5,4.5,0.0,Unknown,Unknown,"Lush greenery meets turquoise waters, where vibrant markets and friendly locals create a warm, inviting atmosphere amidst tropical island breezes.",Unknown,0.1,Unknown,19e2eecc-8394-482b-8469-d4ca8869797d,oceania,17.7414972,168.3150163,Mid-range,3.0,4.0,5.0,4.0,2.0,3.0,4.0,2.0,4.0,Unknown,Unknown,121.87,Unknown,4.55,4.5,Unknown,344
Unknown,Unknown,Romania,Sibiu,Unknown,Unknown,1767.5,1.5,4.5,0.0,Unknown,Unknown,"Charming cobblestone streets and vibrant squares create a cozy atmosphere, inviting you to explore its rich history and welcoming local culture.",Unknown,0.1,Unknown,00d7a74c-188a-4cea-aa66-f69397766a1e,europe,45.7973912,24.1519202,Budget,4.0,3.0,4.0,1.0,3.0,3.0,3.0,3.0,4.0,Unknown,Unknown,121.87,Unknown,4.55,4.5,Unknown,136
Unknown,Unknown,Egypt,Luxor,Unknown,Unknown,1767.5,1.5,4.5,0.0,Unknown,Unknown,"Sun-drenched landscapes and ancient temples create an awe-inspiring atmosphere, where history feels alive amid the vibrant local culture and bustling markets.",Unknown,0.1,Unknown,44270077-ff2f-4123-96b9-7158aaff58a9,africa,25.702096,32.647186,Budget,5.0,3.0,3.0,1.0,2.0,4.0,2.0,3.0,3.0,Unknown,Unknown,121.87,Unknown,4.55,4.5,Unknown,465
Unknown,Unknown,Turks and Caicos,Providenciales,Unknown,Unknown,1767.5,1.5,4.5,0.0,Unknown,Unknown,"Crystal-clear turquoise waters, powdery white sand beaches, and a laid-back island vibe create a serene paradise perfect for unwinding and rejuvenating.",Unknown,0.1,Unknown,604b2249-da94-48ac-aba9-5297e6c7f5c7,north_america,21.81444705,72.15098494353239,Luxury,2.0,3.0,4.0,5.0,3.0,4.0,4.0,2.0,4.0,Unknown,Unknown,121.87,Unknown,4.55,4.5,Unknown,242
Unknown,Unknown,Egypt,Siwa Oasis,Unknown,Unknown,1767.5,1.5,4.5,0.0,Unknown,Unknown,"Wandering through sun-drenched palm groves and ancient ruins, you feel the timeless tranquility and unique charm of this remote desert haven.",Unknown,0.1,Unknown,7034c2a1-23a7-4da3-97e6-f6b9a7a886dd,africa,29.215497900000003,25.46897258343824,Budget,4.0,3.0,5.0,1.0,1.0,3.0,4.0,1.0,5.0,Unknown,Unknown,121.87,Unknown,4.55,4.5,Unknown,543
Unknown,Unknown,Kenya,Mombasa,Unknown,Unknown,1767.5,1.5,4.5,0.0,Unknown,Unknown,"Lively markets, stunning beaches, and a fusion of cultures create a vibrant atmosphere where you can feel the ocean breeze and hear Swahili melodies.",Unknown,0.1,Unknown,eb5b5644-d743-4bae-861a-99b1f631f095,africa,4.05052,39.667169,Mid-range,4.0,4.0,4.0,5.0,3.0,4.0,3.0,3.0,3.0,Unknown,Unknown,121.87,Unknown,4.55,4.5,Unknown,317
Unknown,Unknown,Tajikistan,Dushanbe,Unknown,Unknown,1767.5,1.5,4.5,0.0,Unknown,Unknown,"Tree-lined avenues and Soviet-era architecture blend with bustling bazaars, creating a unique atmosphere where tradition and modernity coexist harmoniously.",Unknown,0.1,Unknown,749fb1fb-78a2-43cc-a9e6-0594d8be5519,asia,38.5762709,68.7863573,Budget,3.0,4.0,4.0,1.0,2.0,3.0,2.0,2.0,4.0,Unknown,Unknown,121.87,Unknown,4.55,4.5,Unknown,493
Unknown,Unknown,Peru,Cuzco,Unknown,Unknown,1767.5,1.5,4.5,0.0,Unknown,Unknown,"Cobblestone streets, vibrant markets, and the scent of fresh Andean cuisine surround you in a city where ancient history meets lively modern culture.",Unknown,0.1,Unknown,e49419c6-0022-4c14-b3be-8bde13a47ab2,south_america,13.51695415,71.97927120704406,Budget,5.0,4.0,5.0,1.0,3.0,4.0,3.0,3.0,3.0,Unknown,Unknown,121.87,Unknown,4.55,4.5,Unknown,229
Unknown,Unknown,Japan,Nara,Unknown,Unknown,1767.5,1.5,4.5,0.0,Unknown,Unknown,"Ancient temples, serene deer-filled parks, and tranquil gardens offer a peaceful escape, inviting you to wander and reflect in harmony with nature.",Unknown,0.1,Unknown,b893d102-fb92-4032-9117-5826ef4cf1aa,asia,34.2963089,135.8816819,Mid-range,5.0,2.0,4.0,1.0,2.0,4.0,3.0,3.0,4.0,Unknown,Unknown,121.87,Unknown,4.55,4.5,Unknown,82
Unknown,Unknown,Argentina,Buenos Aires,Unknown,Unknown,1767.5,1.5,4.5,0.0,Unknown,Unknown,"Lively streets filled with tango rhythms, vibrant markets, and historic architecture create an irresistible blend of culture and energy.",Unknown,0.1,Unknown,5c81761c-2753-4c1c-b724-f0a7f923540d,south_america,34.6083696,58.4440583,Mid-range,5.0,3.0,2.0,2.0,5.0,5.0,3.0,5.0,2.0,Unknown,Unknown,121.87,Unknown,4.55,4.5,Unknown,326
Unknown,Unknown,Argentina,Córdoba,Unknown,Unknown,1767.5,1.5,4.5,0.0,Unknown,Unknown,"Historic streets buzz with student energy, colonial architecture, and a lively arts scene, offering a vibrant mix of tradition and modernity.",Unknown,0.1,Unknown,252e5f0f-bc45-4a80-9c12-c0262cf2b733,south_america,31.4166867,64.1834193,Mid-range,4.0,3.0,4.0,1.0,3.0,4.0,3.0,4.0,3.0,Unknown,Unknown,121.87,Unknown,4.55,4.5,Unknown,302
Unknown,Unknown,Australia,Sydney,Unknown,Unknown,1767.5,1.5,4.5,0.0,Unknown,Unknown,"A lively harbor city where golden beaches meet urban sophistication, offering a blend of vibrant culture and stunning natural beauty.",Unknown,0.1,Unknown,8836b237-a5c2-49ac-ab48-2b705d4c56f6,oceania,33.8698439,151.2082848,Luxury,4.0,4.0,4.0,5.0,4.0,4.0,3.0,5.0,2.0,Unknown,Unknown,121.87,Unknown,4.55,4.5,Unknown,45
Unknown,Unknown,Taiwan,Hualien,Unknown,Unknown,1767.5,1.5,4.5,0.0,Unknown,Unknown,"Nestled between lush mountains and the Pacific Ocean, this place offers stunning landscapes, tranquil vibes, and a welcoming local culture.",Unknown,0.1,Unknown,0517a59d-8d92-4687-9aaa-323ba211f28e,asia,23.9913421,121.6197276,Mid-range,3.0,4.0,5.0,3.0,2.0,4.0,3.0,3.0,4.0,Unknown,Unknown,121.87,Unknown,4.55,4.5,Unknown,395
Unknown,Unknown,Austria,Vienna,Unknown,Unknown,1767.5,1.5,4.5,0.0,Unknown,Unknown,"Grand architecture and cobblestone streets set a charming backdrop for cozy coffeehouses and vibrant cultural scenes, inviting leisurely exploration.",Unknown,0.1,Unknown,784d64bc-ad12-4648-8094-07151548001d,europe,48.2083537,16.3725042,Mid-range,5.0,2.0,3.0,1.0,4.0,5.0,4.0,5.0,2.0,Unknown,Unknown,121.87,Unknown,4.55,4.5,Unknown,292
Unknown,Unknown,Azerbaijan,Baku,Unknown,Unknown,1767.5,1.5,4.5,0.0,Unknown,Unknown,"A city where futuristic architecture meets ancient history, offering a unique blend of modernity and tradition with a lively, welcoming atmosphere.",Unknown,0.1,Unknown,472a370a-f213-4bdd-bef7-e00aa2eb2ca4,asia,40.3755885,49.8328009,Mid-range,4.0,3.0,3.0,2.0,4.0,4.0,3.0,4.0,2.0,Unknown,Unknown,121.87,Unknown,4.55,4.5,Unknown,23
Unknown,Unknown,Belarus,Minsk,Unknown,Unknown,1767.5,1.5,4.5,0.0,Unknown,Unknown,"Wide boulevards and Soviet-era architecture mix with vibrant cafes and green parks, offering a unique blend of history and modern charm.",Unknown,0.1,Unknown,8fbef9b4-80b6-4ef5-9196-d92d4fb81e25,europe,53.9024716,27.5618225,Budget,3.0,2.0,3.0,1.0,3.0,3.0,2.0,3.0,3.0,Unknown,Unknown,121.87,Unknown,4.55,4.5,Unknown,552
Unknown,Unknown,Bolivia,Santa Cruz,Unknown,Unknown,1767.5,1.5,4.5,0.0,Unknown,Unknown,"Vibrant streets buzz with the energy of lively markets and the aroma of street food, set against a backdrop of lush green parks.",Unknown,0.1,Unknown,99337dc9-9aff-4695-8c40-f5737939bedd,south_america,17.333333,61.5,Budget,3.0,4.0,4.0,2.0,3.0,3.0,3.0,3.0,3.0,Unknown,Unknown,121.87,Unknown,4.55,4.5,Unknown,517
Unknown,Unknown,Bosnia and Herzegovina,Mostar,Unknown,Unknown,1767.5,1.5,4.5,0.0,Unknown,Unknown,"Cobblestone streets, the sound of the river below, and the iconic bridge create a charming and reflective atmosphere in this historic town.",Unknown,0.1,Unknown,3dcec783-933e-4928-b50a-65b7050f50ff,europe,43.3435855,17.8076584,Budget,4.0,3.0,4.0,1.0,3.0,4.0,3.0,3.0,3.0,Unknown,Unknown,121.87,Unknown,4.55,4.5,Unknown,228
Unknown,Unknown,Brazil,Salvador da Bahia,Unknown,Unknown,1767.5,1.5,4.5,0.0,Unknown,Unknown,"Lively streets filled with music and dance, vibrant markets, and stunning coastal views create an energetic yet laid-back atmosphere.",Unknown,0.1,Unknown,2fdfc5be-fe93-4c81-8a14-a0f17ca22b60,south_america,13.2432762,43.3742847,Mid-range,5.0,3.0,4.0,4.0,4.0,5.0,3.0,3.0,2.0,Unknown,Unknown,121.87,Unknown,4.55,4.5,Unknown,322
Unknown,Unknown,Burundi,Bujumbura,Unknown,Unknown,1767.5,1.5,4.5,0.0,Unknown,Unknown,"A city where vibrant street markets and lush lakeside views create an inviting atmosphere, full of lively interactions and serene moments.",Unknown,0.1,Unknown,7953a021-a4c4-4fbf-b5a8-92467f8280ed,africa,3.3638125,29.3675028,Budget,3.0,3.0,4.0,3.0,2.0,3.0,2.0,2.0,4.0,Unknown,Unknown,121.87,Unknown,4.55,4.5,Unknown,31
Unknown,Unknown,Cameroon,Yaoundé,Unknown,Unknown,1767.5,1.5,4.5,0.0,Unknown,Unknown,Lush greenery and vibrant markets create a lively atmosphere filled with the scent of street food and the rhythm of local music.,Unknown,0.1,Unknown,9226cd83-fc8a-417b-99c0-f46db4cf4d5d,africa,3.8689867,11.5213344,Budget,4.0,3.0,3.0,1.0,3.0,4.0,2.0,3.0,2.0,Unknown,Unknown,121.87,Unknown,4.55,4.5,Unknown,342
Unknown,Unknown,Ireland,Galway,Unknown,Unknown,1767.5,1.5,4.5,0.0,Unknown,Unknown,Charming cobblestone streets and vibrant pubs filled with music create an inviting atmosphere where the warmth of the locals is unforgettable.,Unknown,0.1,Unknown,b83e6115-b517-4e85-b1d9-fecf35d3993c,europe,53.2744122,9.0490601,Mid-range,4.0,3.0,4.0,3.0,4.0,4.0,3.0,3.0,3.0,Unknown,Unknown,121.87,Unknown,4.55,4.5,Unknown,135
Unknown,Unknown,Canada,Calgary,Unknown,Unknown,1767.5,1.5,4.5,0.0,Unknown,Unknown,"A dynamic blend of urban sophistication and stunning natural landscapes, where vibrant arts scenes meet the majestic Rockies under vast blue skies.",Unknown,0.1,Unknown,d1fdface-d3c3-45fe-b7ec-ecf1aebec736,north_america,51.0456064,114.057541,Mid-range,4.0,4.0,5.0,1.0,3.0,3.0,3.0,4.0,3.0,Unknown,Unknown,121.87,Unknown,4.55,4.5,Unknown,37
Unknown,Unknown,Canada,Halifax,Unknown,Unknown,1767.5,1.5,4.5,0.0,Unknown,Unknown,"Charming coastal vibes blend with historic architecture, lively pubs, and the salty breeze, creating an inviting and laid-back maritime atmosphere.",Unknown,0.1,Unknown,c2ee230d-f1b2-4831-bf1a-36469bc6eb98,north_america,44.648618,63.5859487,Mid-range,4.0,3.0,4.0,3.0,3.0,4.0,3.0,3.0,4.0,Unknown,Unknown,121.87,Unknown,4.55,4.5,Unknown,127
Unknown,Unknown,Cape Verde,Sal,Unknown,Unknown,1767.5,1.5,4.5,0.0,Unknown,Unknown,"Golden beaches meet turquoise waters under a sun that never seems to set, creating a laid-back vibe perfect for unwinding.",Unknown,0.1,Unknown,9b29ecd2-a840-4fc2-b55e-85a2a99d67b0,africa,16.720455649999998,22.93867612702632,Mid-range,2.0,3.0,3.0,5.0,3.0,3.0,3.0,2.0,4.0,Unknown,Unknown,121.87,Unknown,4.55,4.5,Unknown,280
Unknown,Unknown,United Kingdom,Bath,Unknown,Unknown,1767.5,1.5,4.5,0.0,Unknown,Unknown,"Charming cobblestone streets, historic architecture, and the soothing warmth of natural hot springs create a serene and inviting experience.",Unknown,0.1,Unknown,0949dd9a-c23e-45c7-b1cf-bdd110a760c8,europe,51.3813864,2.3596963,Mid-range,5.0,2.0,3.0,1.0,3.0,4.0,5.0,3.0,3.0,Unknown,Unknown,121.87,Unknown,4.55,4.5,Unknown,151
Unknown,Unknown,Kosovo,Pristina,Unknown,Unknown,1767.5,1.5,4.5,0.0,Unknown,Unknown,"A city where vibrant street life, intriguing history, and the aroma of freshly brewed coffee blend into a unique and welcoming atmosphere.",Unknown,0.1,Unknown,4f691336-e290-4fb8-8f6f-041744450398,europe,42.6638771,21.1640849,Budget,3.0,2.0,2.0,1.0,3.0,3.0,2.0,3.0,3.0,Unknown,Unknown,121.87,Unknown,4.55,4.5,Unknown,30
Unknown,Unknown,Serbia,Belgrade,Unknown,Unknown,1767.5,1.5,4.5,0.0,Unknown,Unknown,"Lively streets filled with eclectic architecture, vibrant nightlife, and a fusion of Eastern and Western influences create an inviting, energetic atmosphere.",Unknown,0.1,Unknown,222fef61-1cb1-492a-af39-3244dd5eaf73,europe,44.8178131,20.4568974,Budget,4.0,3.0,3.0,2.0,5.0,4.0,3.0,4.0,2.0,Unknown,Unknown,121.87,Unknown,4.55,4.5,Unknown,321
Unknown,Unknown,United States,Dallas,Unknown,Unknown,1767.5,1.5,4.5,0.0,Unknown,Unknown,"A lively mix of modern skyscrapers and historic districts, this city offers a dynamic atmosphere with vibrant arts, cuisine, and culture.",Unknown,0.1,Unknown,43bf31e6-e12e-4752-abdf-87472616ead1,north_america,32.7762719,96.7968559,Mid-range,4.0,3.0,2.0,1.0,4.0,4.0,3.0,4.0,2.0,Unknown,Unknown,121.87,Unknown,4.55,4.5,Unknown,48
Unknown,Unknown,China,Guilin,Unknown,Unknown,1767.5,1.5,4.5,0.0,Unknown,Unknown,"Lush karst mountains rise dramatically above serene rivers and rice paddies, offering a tranquil escape with breathtaking natural beauty at every turn.",Unknown,0.1,Unknown,8ffa36b1-c3eb-4d2d-bc8b-8768f6ecfff1,asia,25.2779894,110.2910622,Budget,3.0,4.0,5.0,1.0,2.0,3.0,3.0,2.0,4.0,Unknown,Unknown,121.87,Unknown,4.55,4.5,Unknown,350
Unknown,Unknown,Austria,Hallstatt,Unknown,Unknown,1767.5,1.5,4.5,0.0,Unknown,Unknown,"Nestled by a serene lake, this picturesque village enchants with its cobblestone streets, alpine views, and a tranquil, timeless atmosphere.",Unknown,0.1,Unknown,f69c75d8-329c-4769-bda1-ea15a27dcc33,europe,47.5621698,13.6486697,Mid-range,4.0,3.0,5.0,2.0,2.0,3.0,3.0,2.0,4.0,Unknown,Unknown,121.87,Unknown,4.55,4.5,Unknown,400
Unknown,Unknown,Cyprus,Nicosia,Unknown,Unknown,1767.5,1.5,4.5,0.0,Unknown,Unknown,"Wander through leafy streets where ancient history meets modern life, with a vibrant café culture and a warm, welcoming atmosphere.",Unknown,0.1,Unknown,c3963b0a-b8da-4320-aa9d-bead15d4b37a,europe,35.1746503,33.3638783,Mid-range,4.0,3.0,3.0,2.0,3.0,4.0,3.0,4.0,2.0,Unknown,Unknown,121.87,Unknown,4.55,4.5,Unknown,535
Unknown,Unknown,Costa Rica,San José,Unknown,Unknown,1767.5,1.5,4.5,0.0,Unknown,Unknown,Bustling streets filled with vibrant markets and lush parks create an inviting mix of urban energy and natural beauty.,Unknown,0.1,Unknown,33713397-dcba-460c-bca2-651bdd80fe0f,north_america,9.9325427,84.0795782,Mid-range,3.0,4.0,5.0,2.0,3.0,4.0,4.0,3.0,3.0,Unknown,Unknown,121.87,Unknown,4.55,4.5,Unknown,111
Unknown,Unknown,Cuba,Havana,Unknown,Unknown,1767.5,1.5,4.5,0.0,Unknown,Unknown,"Colorful streets alive with the rhythm of salsa, vintage cars cruising past, and the scent of cigars create an unforgettable atmosphere.",Unknown,0.1,Unknown,9f3ce859-f274-4359-a24d-e16bc30c2b1c,north_america,23.135305,82.3589631,Budget,5.0,3.0,3.0,3.0,4.0,4.0,2.0,3.0,2.0,Unknown,Unknown,121.87,Unknown,4.55,4.5,Unknown,236
Unknown,Unknown,Dominica,Roseau,Unknown,Unknown,1767.5,1.5,4.5,0.0,Unknown,Unknown,"Lush greenery envelops vibrant markets and colorful architecture, creating a lively and welcoming atmosphere infused with the scent of tropical blooms.",Unknown,0.1,Unknown,7e649d6c-6926-4335-beca-e543737cd861,north_america,15.4238539,61.34165132887498,Budget,3.0,4.0,5.0,3.0,2.0,3.0,4.0,2.0,4.0,Unknown,Unknown,121.87,Unknown,4.55,4.5,Unknown,343
Unknown,Unknown,France,Carcassonne,Unknown,Unknown,1767.5,1.5,4.5,0.0,Unknown,Unknown,"Strolling through cobbled streets surrounded by medieval walls, you feel transported to another era, with vibrant markets and cozy restaurants at every turn.",Unknown,0.1,Unknown,7ca9e565-db06-4228-ac03-c57d8d757227,europe,43.2130358,2.3491069,Mid-range,5.0,2.0,3.0,1.0,2.0,4.0,3.0,3.0,4.0,Unknown,Unknown,121.87,Unknown,4.55,4.5,Unknown,450
Unknown,Unknown,Portugal,Lagos,Unknown,Unknown,1767.5,1.5,4.5,0.0,Unknown,Unknown,"Charming cobblestone streets lead to golden beaches and dramatic cliffs, where the ocean breeze mingles with the aroma of grilled seafood.",Unknown,0.1,Unknown,0fcdac6c-fddc-43a4-93c5-dd03a6cd75dc,europe,37.1027964,8.6728689,Mid-range,3.0,4.0,4.0,5.0,4.0,4.0,3.0,3.0,3.0,Unknown,Unknown,121.87,Unknown,4.55,4.5,Unknown,139
Unknown,Unknown,Egypt,Alexandria,Unknown,Unknown,1767.5,1.5,4.5,0.0,Unknown,Unknown,"Bustling streets filled with the aroma of spices, historic sites whispering ancient tales, and a vibrant coastal vibe create a unique charm.",Unknown,0.1,Unknown,d2351990-8009-44cd-9fdb-e79f1fd913f4,africa,31.1991806,29.8951716,Budget,4.0,2.0,3.0,3.0,3.0,4.0,2.0,4.0,2.0,Unknown,Unknown,121.87,Unknown,4.55,4.5,Unknown,106
Unknown,Unknown,Estonia,Tallinn,Unknown,Unknown,1767.5,1.5,4.5,0.0,Unknown,Unknown,"Medieval lanes, vibrant markets, and the scent of fresh pastries create an enchanting atmosphere that's both historic and inviting.",Unknown,0.1,Unknown,5f55fdd8-3af4-485a-8a31-5974963a257f,europe,59.4372155,24.7453688,Mid-range,4.0,2.0,3.0,2.0,3.0,4.0,3.0,4.0,3.0,Unknown,Unknown,121.87,Unknown,4.55,4.5,Unknown,374
Unknown,Unknown,France,Paris,Unknown,Unknown,1767.5,1.5,4.5,0.0,Unknown,Unknown,Charming streets lined with artful boutiques and the aroma of freshly baked pastries create a romantic and timeless atmosphere.,Unknown,0.1,Unknown,7e2ebc2d-7b8b-4071-b2f7-11476b6d44b7,europe,48.8588897,2.3200410217200766,Luxury,5.0,2.0,3.0,1.0,5.0,5.0,4.0,5.0,2.0,Unknown,Unknown,121.87,Unknown,4.55,4.5,Unknown,180
Unknown,Unknown,Italy,Puglia,Unknown,Unknown,1767.5,1.5,4.5,0.0,Unknown,Unknown,"Sun-drenched coastlines, charming whitewashed villages, and the aroma of olive groves create a serene and inviting atmosphere.",Unknown,0.1,Unknown,d45e5eea-27c6-4eda-b78a-50c21079b270,europe,40.9842539,16.6210027,Mid-range,4.0,3.0,4.0,4.0,3.0,5.0,4.0,3.0,4.0,Unknown,Unknown,121.87,Unknown,4.55,4.5,Unknown,464
Unknown,Unknown,New Zealand,Queenstown,Unknown,Unknown,1767.5,1.5,4.5,0.0,Unknown,Unknown,"Surrounded by majestic mountains and shimmering lakes, this place offers thrilling adventures and serene landscapes that captivate your senses.",Unknown,0.1,Unknown,5f4cc5c5-4804-4a2c-8ddc-c5166d5b9237,oceania,45.0321923,168.661,Luxury,3.0,5.0,5.0,2.0,4.0,4.0,4.0,3.0,3.0,Unknown,Unknown,121.87,Unknown,4.55,4.5,Unknown,480
Unknown,Unknown,France,Biarritz,Unknown,Unknown,1767.5,1.5,4.5,0.0,Unknown,Unknown,"Ocean breezes mix with the scent of fresh pastries, while sunlit beaches and elegant architecture create a laid-back yet sophisticated vibe.",Unknown,0.1,Unknown,735e5584-4804-4d92-8fa6-98b14964188c,europe,43.4832523,1.5592776,Mid-range,3.0,4.0,4.0,5.0,3.0,4.0,4.0,3.0,3.0,Unknown,Unknown,121.87,Unknown,4.55,4.5,Unknown,408
Unknown,Unknown,Gabon,Libreville,Unknown,Unknown,1767.5,1.5,4.5,0.0,Unknown,Unknown,"Lush greenery mingles with urban life, offering a unique blend of vibrant markets, diverse wildlife, and a laid-back coastal vibe.",Unknown,0.1,Unknown,9e075378-f479-48c4-ac0c-43a44f822866,africa,0.4086518,9.4418849,Mid-range,3.0,3.0,4.0,3.0,3.0,3.0,2.0,3.0,3.0,Unknown,Unknown,121.87,Unknown,4.55,4.5,Unknown,345
Unknown,Unknown,Portugal,Sintra,Unknown,Unknown,1767.5,1.5,4.5,0.0,Unknown,Unknown,"Misty mornings reveal enchanting palaces and lush gardens, offering a fairytale-like atmosphere that captivates and inspires wanderlust.",Unknown,0.1,Unknown,b636143f-615e-4232-a3a6-f11bc6ee93df,europe,38.79846,9.3881,Mid-range,5.0,3.0,5.0,2.0,2.0,4.0,3.0,3.0,4.0,Unknown,Unknown,121.87,Unknown,4.55,4.5,Unknown,380
Unknown,Unknown,Croatia,Hvar,Unknown,Unknown,1767.5,1.5,4.5,0.0,Unknown,Unknown,"Sun-drenched beaches, fragrant lavender fields, and lively waterfronts create a vibrant yet relaxed atmosphere perfect for unwinding and exploring.",Unknown,0.1,Unknown,08a0957f-5a4f-40f9-aa68-c26f20c88f70,europe,43.17389195,16.55652349457852,Mid-range,3.0,3.0,4.0,5.0,5.0,4.0,3.0,3.0,2.0,Unknown,Unknown,121.87,Unknown,4.55,4.5,Unknown,458
Unknown,Unknown,Germany,Rostock,Unknown,Unknown,1767.5,1.5,4.5,0.0,Unknown,Unknown,"Charming cobblestone streets and historic architecture meet the refreshing sea breeze, creating a welcoming blend of maritime history and modern vibrancy.",Unknown,0.1,Unknown,a87511bd-77f4-4afc-977e-730d34c1c7bd,europe,54.0886707,12.1400211,Mid-range,4.0,3.0,3.0,4.0,3.0,3.0,3.0,3.0,3.0,Unknown,Unknown,121.87,Unknown,4.55,4.5,Unknown,131
Unknown,Unknown,Greece,Zakynthos,Unknown,Unknown,1767.5,1.5,4.5,0.0,Unknown,Unknown,"Golden sandy beaches, crystal-clear waters, and charming villages create a serene and inviting atmosphere perfect for relaxation and exploration.",Unknown,0.1,Unknown,643c3ffc-f74a-444b-b836-da588781da27,europe,37.78913845,20.790089567090195,Mid-range,3.0,3.0,4.0,5.0,4.0,4.0,3.0,2.0,3.0,Unknown,Unknown,121.87,Unknown,4.55,4.5,Unknown,291
Unknown,Unknown,Iceland,Reykjavík,Unknown,Unknown,1767.5,1.5,4.5,0.0,Unknown,Unknown,"A city where modern design meets dramatic landscapes, offering cozy cafes, vibrant street art, and the ethereal glow of the northern lights.",Unknown,0.1,Unknown,38fa5147-236e-4462-b3b1-97b35caaf154,europe,64.145981,21.9422367,Luxury,3.0,4.0,5.0,2.0,3.0,3.0,4.0,3.0,4.0,Unknown,Unknown,121.87,Unknown,4.55,4.5,Unknown,28
Unknown,Unknown,Indonesia,Bandung,Unknown,Unknown,1767.5,1.5,4.5,0.0,Unknown,Unknown,"Cool mountain air, vibrant street markets, and a mix of colonial architecture create a refreshing escape with a laid-back yet lively vibe.",Unknown,0.1,Unknown,4c55af25-bd6c-4677-badd-6b53ec2f758d,asia,6.9215529,107.6110212,Budget,4.0,3.0,4.0,2.0,3.0,4.0,3.0,3.0,3.0,Unknown,Unknown,121.87,Unknown,4.55,4.5,Unknown,240
Unknown,Unknown,Italy,Naples,Unknown,Unknown,1767.5,1.5,4.5,0.0,Unknown,Unknown,"Bustling streets filled with the aroma of pizza, vibrant street life, and historic architecture create a lively and authentic Italian experience.",Unknown,0.1,Unknown,98fa6e27-430b-4d3b-b347-02e8c53c7cf7,europe,40.8358846,14.2487679,Mid-range,5.0,3.0,3.0,3.0,4.0,5.0,3.0,4.0,2.0,Unknown,Unknown,121.87,Unknown,4.55,4.5,Unknown,105
Unknown,Unknown,Ivory Coast,Yamoussoukro,Unknown,Unknown,1767.5,1.5,4.5,0.0,Unknown,Unknown,"Wide avenues lined with palm trees lead to the awe-inspiring basilica, while the tranquil surroundings invite a leisurely exploration of local culture.",Unknown,0.1,Unknown,df9fa1bf-f634-4f67-ba01-b4324b3b7768,africa,6.8200066,5.2776034,Budget,4.0,2.0,3.0,1.0,2.0,3.0,2.0,3.0,3.0,Unknown,Unknown,121.87,Unknown,4.55,4.5,Unknown,551
Unknown,Unknown,Japan,Sapporo,Unknown,Unknown,1767.5,1.5,4.5,0.0,Unknown,Unknown,"Snow-dusted streets, lively markets, and the aroma of fresh seafood create a vibrant yet cozy atmosphere that's both inviting and invigorating.",Unknown,0.1,Unknown,4cfcb5ec-303d-49ec-978a-da752ddd094f,asia,43.061936,141.3542924,Mid-range,4.0,3.0,4.0,2.0,3.0,4.0,3.0,4.0,3.0,Unknown,Unknown,121.87,Unknown,4.55,4.5,Unknown,444
Unknown,Unknown,Kazakhstan,Almaty,Unknown,Unknown,1767.5,1.5,4.5,0.0,Unknown,Unknown,"Nestled beneath snow-capped mountains, the city offers a blend of Soviet-era charm and vibrant modern culture, with bustling markets and serene parks.",Unknown,0.1,Unknown,7b34f40a-0ea8-48d7-b930-c7de11613b93,asia,43.2363924,76.9457275,Mid-range,4.0,4.0,5.0,1.0,3.0,3.0,3.0,4.0,3.0,Unknown,Unknown,121.87,Unknown,4.55,4.5,Unknown,393
Unknown,Unknown,Luxembourg,Luxembourg City,Unknown,Unknown,1767.5,1.5,4.5,0.0,Unknown,Unknown,"Charming cobblestone streets wind through lush valleys and historic fortresses, creating a serene yet vibrant atmosphere that's both inviting and intriguing.",Unknown,0.1,Unknown,41fa1295-aef3-4e9d-9d04-5a43f6cd1741,europe,49.6112768,6.129799,Luxury,4.0,2.0,3.0,1.0,3.0,4.0,3.0,4.0,3.0,Unknown,Unknown,121.87,Unknown,4.55,4.5,Unknown,148
Unknown,Unknown,Mexico,San Cristóbal de las Casas,Unknown,Unknown,1767.5,1.5,4.5,0.0,Unknown,Unknown,"Charming cobblestone streets, vibrant markets, and colorful colonial architecture create a warm and inviting atmosphere, perfect for leisurely exploration.",Unknown,0.1,Unknown,80fd9234-ad35-4e41-af83-ce4f201894d5,north_america,16.735377,92.63873,Budget,4.0,3.0,4.0,1.0,3.0,4.0,3.0,2.0,4.0,Unknown,Unknown,121.87,Unknown,4.55,4.5,Unknown,165
Unknown,Unknown,Latvia,Riga,Unknown,Unknown,1767.5,1.5,4.5,0.0,Unknown,Unknown,"Charming cobblestone streets, vibrant markets, and a blend of medieval and Art Nouveau architecture create a captivating and cozy atmosphere for exploration.",Unknown,0.1,Unknown,b7506ee6-e9ca-41fe-b282-ebf79c9782bf,europe,56.9493977,24.1051846,Mid-range,4.0,3.0,3.0,2.0,4.0,4.0,3.0,4.0,3.0,Unknown,Unknown,121.87,Unknown,4.55,4.5,Unknown,164
Unknown,Unknown,United States,Portland,Unknown,Unknown,1767.5,1.5,4.5,0.0,Unknown,Unknown,"Quirky neighborhoods, lush green parks, and a thriving food scene create an inviting atmosphere filled with creativity and a laid-back vibe.",Unknown,0.1,Unknown,05b02046-7947-45a4-a9f6-39f043575a81,north_america,45.5202471,122.674194,Mid-range,4.0,3.0,4.0,2.0,3.0,4.0,4.0,4.0,3.0,Unknown,Unknown,121.87,Unknown,4.55,4.5,Unknown,417
Unknown,Unknown,Mongolia,Ulaanbaatar,Unknown,Unknown,1767.5,1.5,4.5,0.0,Unknown,Unknown,"Amidst sprawling landscapes, discover a blend of Soviet-era architecture, bustling markets, and the warm hospitality of locals eager to share their stories.",Unknown,0.1,Unknown,2ee4ab0c-44a7-45bd-8463-0b4813e62c3a,asia,47.9184676,106.9177016,Budget,4.0,4.0,4.0,1.0,3.0,3.0,2.0,3.0,4.0,Unknown,Unknown,121.87,Unknown,4.55,4.5,Unknown,75
Unknown,Unknown,Morocco,Essaouira,Unknown,Unknown,1767.5,1.5,4.5,0.0,Unknown,Unknown,"Charming coastal breezes mix with the vibrant hum of bustling souks and the scent of fresh seafood, creating a laid-back, inviting atmosphere.",Unknown,0.1,Unknown,08f1b340-be30-43d0-a0dd-199157dffb00,africa,31.5118281,9.7620903,Budget,4.0,3.0,4.0,4.0,3.0,4.0,3.0,3.0,4.0,Unknown,Unknown,121.87,Unknown,4.55,4.5,Unknown,126
Unknown,Unknown,Nepal,Pokhara,Unknown,Unknown,1767.5,1.5,4.5,0.0,Unknown,Unknown,"Nestled by a serene lake and surrounded by lush hills, this place offers tranquility and adventure, with stunning mountain views at every turn.",Unknown,0.1,Unknown,6d6e150b-925c-49b0-bfd6-199070922341,asia,28.209538,83.991402,Budget,3.0,5.0,5.0,1.0,2.0,3.0,4.0,2.0,4.0,Unknown,Unknown,121.87,Unknown,4.55,4.5,Unknown,398
Unknown,Unknown,Netherlands,Eindhoven,Unknown,Unknown,1767.5,1.5,4.5,0.0,Unknown,Unknown,"Innovative design and vibrant street art create a lively atmosphere, while cozy cafes and green spaces offer moments of relaxation and inspiration.",Unknown,0.1,Unknown,d0065fb6-78a4-4982-a4d9-bcb30d2fd66b,europe,51.4392648,5.478633,Mid-range,3.0,2.0,3.0,1.0,3.0,3.0,3.0,4.0,2.0,Unknown,Unknown,121.87,Unknown,4.55,4.5,Unknown,314
Unknown,Unknown,Papua New Guinea,Port Moresby,Unknown,Unknown,1767.5,1.5,4.5,0.0,Unknown,Unknown,"A bustling city where the vibrant markets and lush coastal landscapes blend with the rich cultural tapestry, offering a unique sensory adventure.",Unknown,0.1,Unknown,16232df9-2dcc-4a1a-a3a5-9aab5bf5dba5,oceania,9.4743301,147.1599504,Mid-range,3.0,4.0,4.0,2.0,2.0,3.0,2.0,2.0,3.0,Unknown,Unknown,121.87,Unknown,4.55,4.5,Unknown,11
Unknown,Unknown,Philippines,Cebu,Unknown,Unknown,1767.5,1.5,4.5,0.0,Unknown,Unknown,"Tropical warmth, vibrant street life, and a mix of modern and historic sites create an inviting atmosphere full of discovery and relaxation.",Unknown,0.1,Unknown,5e5eb018-1df0-459c-85d4-46a45c1dcbe9,asia,10.47,123.83,Budget,3.0,4.0,5.0,5.0,3.0,4.0,3.0,3.0,3.0,Unknown,Unknown,121.87,Unknown,4.55,4.5,Unknown,506
Unknown,Unknown,Portugal,Lisbon,Unknown,Unknown,1767.5,1.5,4.5,0.0,Unknown,Unknown,"Hillside streets alive with music, pastel-colored buildings, sunlit plazas, and the scent of fresh pastries give this city an irresistible warmth.",Unknown,0.1,Unknown,2f634211-0161-41dc-b871-3d405b1b3975,europe,38.7077507,9.1365919,Mid-range,5.0,3.0,3.0,3.0,4.0,5.0,3.0,4.0,2.0,Unknown,Unknown,121.87,Unknown,4.55,4.5,Unknown,297
Unknown,Unknown,Republic of the Congo,Brazzaville,Unknown,Unknown,1767.5,1.5,4.5,0.0,Unknown,Unknown,"Lush riverfront views and vibrant markets create a lively atmosphere, where the rhythm of life feels both dynamic and welcoming.",Unknown,0.1,Unknown,a8bec1b5-1b2e-4f8a-9f4e-ed1ec350c1f3,africa,4.2694407,15.2712256,Mid-range,3.0,3.0,4.0,1.0,2.0,3.0,2.0,3.0,4.0,Unknown,Unknown,121.87,Unknown,4.55,4.5,Unknown,366
Unknown,Unknown,Rwanda,Kigali,Unknown,Unknown,1767.5,1.5,4.5,0.0,Unknown,Unknown,Rolling hills meet vibrant city life where markets buzz with energy and the aroma of fresh coffee fills the air.,Unknown,0.1,Unknown,b937f178-569d-4efb-b97c-1a3dc4a4e42c,africa,1.8859597,30.1296751,Mid-range,4.0,3.0,4.0,1.0,2.0,3.0,3.0,3.0,4.0,Unknown,Unknown,121.87,Unknown,4.55,4.5,Unknown,426
Unknown,Unknown,Samoa,Apia,Unknown,Unknown,1767.5,1.5,4.5,0.0,Unknown,Unknown,"Lush tropical gardens, vibrant markets, and the gentle sound of waves create a serene and welcoming atmosphere perfect for unwinding.",Unknown,0.1,Unknown,d638194d-3ad6-42fc-a665-1f858787a374,oceania,13.8345235,171.7630955,Mid-range,4.0,3.0,4.0,4.0,2.0,3.0,3.0,2.0,4.0,Unknown,Unknown,121.87,Unknown,4.55,4.5,Unknown,367
Unknown,Unknown,Senegal,Gorée Island,Unknown,Unknown,1767.5,1.5,4.5,0.0,Unknown,Unknown,"Charming cobblestone streets, vibrant colonial architecture, and a poignant history create a deeply moving and enriching experience by the ocean.",Unknown,0.1,Unknown,f7812d83-a0ca-428a-9b98-a6ee705b3925,africa,14.66720465,17.398356301764487,Mid-range,5.0,2.0,3.0,2.0,1.0,3.0,2.0,1.0,4.0,Unknown,Unknown,121.87,Unknown,4.55,4.5,Unknown,163
Unknown,Unknown,South Africa,Durban,Unknown,Unknown,1767.5,1.5,4.5,0.0,Unknown,Unknown,"A vibrant blend of golden beaches, rich Zulu culture, and fragrant Indian spices, creating an inviting atmosphere full of warmth and diversity.",Unknown,0.1,Unknown,8c999bb4-7456-4226-9124-515a84f3cc7d,africa,29.861825,31.009909,Mid-range,3.0,4.0,4.0,5.0,3.0,4.0,3.0,3.0,2.0,Unknown,Unknown,121.87,Unknown,4.55,4.5,Unknown,59
Unknown,Unknown,Slovenia,Bled,Unknown,Unknown,1767.5,1.5,4.5,0.0,Unknown,Unknown,"A serene lakeside town where the emerald waters reflect the surrounding mountains, offering a peaceful escape and stunning natural beauty.",Unknown,0.1,Unknown,db933be3-64bc-4471-b1e5-ad29a27b56c6,europe,46.3684202,14.1100595,Mid-range,3.0,4.0,5.0,2.0,2.0,3.0,3.0,2.0,4.0,Unknown,Unknown,121.87,Unknown,4.55,4.5,Unknown,54
Unknown,Unknown,Spain,Bilbao,Unknown,Unknown,1767.5,1.5,4.5,0.0,Unknown,Unknown,"A vibrant blend of modern architecture and rich history, with bustling markets, delightful pintxos bars, and the soothing sound of the river.",Unknown,0.1,Unknown,abb3afcd-3460-43f0-a209-0fdef66264c4,europe,43.2630018,2.9350039,Mid-range,5.0,3.0,3.0,2.0,4.0,4.0,3.0,4.0,2.0,Unknown,Unknown,121.87,Unknown,4.55,4.5,Unknown,60
Unknown,Unknown,Spain,Asturias,Unknown,Unknown,1767.5,1.5,4.5,0.0,Unknown,Unknown,"Lush green landscapes meet rugged coastlines, offering a sense of tranquility and adventure with every breathtaking vista and charming village.",Unknown,0.1,Unknown,82cd6d56-a268-4de2-9339-9471cfd32343,europe,43.3133868,5.94192,Mid-range,4.0,4.0,5.0,4.0,3.0,4.0,3.0,2.0,4.0,Unknown,Unknown,121.87,Unknown,4.55,4.5,Unknown,334
Unknown,Unknown,Switzerland,Zermatt,Unknown,Unknown,1767.5,1.5,4.5,0.0,Unknown,Unknown,"Nestled amid towering peaks, this charming alpine village offers crisp mountain air, stunning vistas, and a serene escape from the everyday hustle.",Unknown,0.1,Unknown,31f5b626-c19c-4b17-b740-a2316960fad1,europe,46.0212076,7.749254,Luxury,3.0,5.0,5.0,1.0,2.0,4.0,4.0,2.0,4.0,Unknown,Unknown,121.87,Unknown,4.55,4.5,Unknown,391
Unknown,Unknown,Thailand,Chiang Mai,Unknown,Unknown,1767.5,1.5,4.5,0.0,Unknown,Unknown,"Lush mountain landscapes and vibrant night markets create a serene yet lively atmosphere, inviting exploration and relaxation at every turn.",Unknown,0.1,Unknown,3eb00e2f-97e0-445b-a337-2c2852056104,asia,18.7882778,98.9858802,Budget,5.0,4.0,4.0,1.0,3.0,5.0,4.0,3.0,4.0,Unknown,Unknown,121.87,Unknown,4.55,4.5,Unknown,357
Unknown,Unknown,Tunisia,Kairouan,Unknown,Unknown,1767.5,1.5,4.5,0.0,Unknown,Unknown,"Wandering through ancient medinas, the air filled with spices and the call to prayer, immerses you in a rich tapestry of history and culture.",Unknown,0.1,Unknown,81a386eb-0e43-463f-9c5b-c7c116b9daad,africa,35.6710101,10.10062,Budget,5.0,2.0,2.0,1.0,2.0,3.0,2.0,3.0,3.0,Unknown,Unknown,121.87,Unknown,4.55,4.5,Unknown,538
Unknown,Unknown,Uganda,Kampala,Unknown,Unknown,1767.5,1.5,4.5,0.0,Unknown,Unknown,"Bustling streets filled with vibrant markets, the aroma of local cuisine, and a lively cultural scene create an inviting urban adventure.",Unknown,0.1,Unknown,df9dfdee-2ccd-45c4-a2a8-f9fe84c1748e,africa,0.3177137,32.5813539,Budget,4.0,3.0,4.0,1.0,3.0,3.0,2.0,3.0,2.0,Unknown,Unknown,121.87,Unknown,4.55,4.5,Unknown,113
Unknown,Unknown,United States,Minneapolis,Unknown,Unknown,1767.5,1.5,4.5,0.0,Unknown,Unknown,"A city with vibrant arts scenes, scenic lakeside parks, and diverse neighborhoods, offering a welcoming mix of culture and natural beauty.",Unknown,0.1,Unknown,e67d1cf4-1acd-410c-9173-6857f6c89332,north_america,44.9772995,93.2654692,Mid-range,4.0,3.0,4.0,2.0,3.0,4.0,3.0,4.0,2.0,Unknown,Unknown,121.87,Unknown,4.55,4.5,Unknown,32
Unknown,Unknown,United States,Denver,Unknown,Unknown,1767.5,1.5,4.5,0.0,Unknown,Unknown,"A vibrant mix of urban sophistication and outdoor adventure, with crisp mountain air and a lively arts scene creating an invigorating atmosphere.",Unknown,0.1,Unknown,6ce77f2d-9856-497c-a6d8-7d7c2363e489,north_america,39.7392364,104.984862,Mid-range,4.0,5.0,5.0,1.0,3.0,4.0,4.0,4.0,3.0,Unknown,Unknown,121.87,Unknown,4.55,4.5,Unknown,68
Unknown,Unknown,United Kingdom,Glasgow,Unknown,Unknown,1767.5,1.5,4.5,0.0,Unknown,Unknown,"Lively streets filled with music, striking architecture, and a rich cultural scene make every corner of this city feel inviting and vibrant.",Unknown,0.1,Unknown,fd625374-2800-49ca-9f65-ea3eabca88ab,europe,55.861155,4.2501687,Mid-range,4.0,2.0,3.0,1.0,4.0,4.0,3.0,4.0,2.0,Unknown,Unknown,121.87,Unknown,4.55,4.5,Unknown,324
Unknown,Unknown,Argentina,Ushuaia,Unknown,Unknown,1767.5,1.5,4.5,0.0,Unknown,Unknown,"A windswept frontier town with dramatic landscapes, where the end of the world feels both mysterious and beautifully remote.",Unknown,0.1,Unknown,5cccd9f1-46c1-461c-928b-207a70521e74,south_america,54.807306,68.3084133,Mid-range,3.0,5.0,5.0,2.0,2.0,3.0,3.0,2.0,4.0,Unknown,Unknown,121.87,Unknown,4.55,4.5,Unknown,71
Unknown,Unknown,United States,Tucson,Unknown,Unknown,1767.5,1.5,4.5,0.0,Unknown,Unknown,"Vibrant desert landscapes, stunning sunsets, and a rich blend of Native American and Mexican cultures make every moment feel uniquely captivating.",Unknown,0.1,Unknown,c7cd6c83-42a4-48b2-ad40-7b0c61dcf992,north_america,32.2228765,110.974847,Mid-range,4.0,4.0,4.0,1.0,3.0,4.0,3.0,3.0,4.0,Unknown,Unknown,121.87,Unknown,4.55,4.5,Unknown,514
Unknown,Unknown,United States,Pittsburgh,Unknown,Unknown,1767.5,1.5,4.5,0.0,Unknown,Unknown,"Charming riverside views, vibrant arts districts, and a rich industrial history create a welcoming atmosphere full of cultural and culinary discoveries.",Unknown,0.1,Unknown,99ef42e6-1bce-46a5-a6cd-0dc8d924b901,north_america,40.4416941,79.9900861,Mid-range,4.0,3.0,3.0,1.0,3.0,4.0,3.0,4.0,2.0,Unknown,Unknown,121.87,Unknown,4.55,4.5,Unknown,177
Unknown,Unknown,Australia,Adelaide,Unknown,Unknown,1767.5,1.5,4.5,0.0,Unknown,Unknown,"Charming streets lined with historic buildings and lush parks offer a laid-back vibe, perfect for leisurely strolls and enjoying local wines.",Unknown,0.1,Unknown,18db3d45-0c86-4da9-b5b4-9fbbba0bf443,oceania,34.9281805,138.5999312,Mid-range,4.0,3.0,4.0,3.0,3.0,4.0,3.0,3.0,4.0,Unknown,Unknown,121.87,Unknown,4.55,4.5,Unknown,190
Unknown,Unknown,Bahrain,Manama,Unknown,Unknown,1767.5,1.5,4.5,0.0,Unknown,Unknown,"A blend of modern skyscrapers and traditional souks, offering a warm, welcoming atmosphere with the aroma of spices and sea breezes.",Unknown,0.1,Unknown,21b7a81d-f0a3-4260-be02-f6c82cc74254,middle_east,26.2235041,50.5822436,Mid-range,4.0,3.0,2.0,3.0,4.0,4.0,3.0,4.0,2.0,Unknown,Unknown,121.87,Unknown,4.55,4.5,Unknown,7
Unknown,Unknown,Bolivia,La Paz,Unknown,Unknown,1767.5,1.5,4.5,0.0,Unknown,Unknown,"High-altitude streets buzz with vibrant markets, colorful textiles, and a unique blend of indigenous culture and modern city life.",Unknown,0.1,Unknown,88f49e69-1210-4b97-be1e-b906ca0ebcec,south_america,16.4955455,68.1336229,Budget,4.0,4.0,4.0,1.0,3.0,3.0,3.0,3.0,3.0,Unknown,Unknown,121.87,Unknown,4.55,4.5,Unknown,295
Unknown,Unknown,Uruguay,Montevideo,Unknown,Unknown,1767.5,1.5,4.5,0.0,Unknown,Unknown,"Strolling along the rambla with the ocean breeze, discovering vibrant street art, and savoring local mate create a welcoming and laid-back vibe.",Unknown,0.1,Unknown,edb9bd75-975a-438a-8d19-7b506bae3003,south_america,34.9058916,56.1913095,Mid-range,4.0,3.0,3.0,3.0,3.0,4.0,3.0,4.0,3.0,Unknown,Unknown,121.87,Unknown,4.55,4.5,Unknown,449
Unknown,Unknown,Argentina,Mendoza,Unknown,Unknown,1767.5,1.5,4.5,0.0,Unknown,Unknown,"Vineyards stretch across sunlit valleys, offering rich aromas and flavors, while the Andes provide a breathtaking backdrop to this relaxed, wine-loving region.",Unknown,0.1,Unknown,1ca8e2d5-d8af-4855-a61c-93d3f4557f10,south_america,34.78709305,68.43818677312292,Mid-range,3.0,4.0,4.0,1.0,3.0,4.0,3.0,3.0,4.0,Unknown,Unknown,121.87,Unknown,4.55,4.5,Unknown,528
Unknown,Unknown,Austria,Innsbruck,Unknown,Unknown,1767.5,1.5,4.5,0.0,Unknown,Unknown,"Nestled in the heart of the Alps, this city offers stunning mountain views, charming old town streets, and a blend of urban and outdoor adventures.",Unknown,0.1,Unknown,20fa6443-16d9-43a4-8cda-d6c9cc93f5e0,europe,47.2654296,11.3927685,Mid-range,4.0,5.0,5.0,1.0,3.0,4.0,3.0,3.0,3.0,Unknown,Unknown,121.87,Unknown,4.55,4.5,Unknown,406
Unknown,Unknown,United States,Washington DC,Unknown,Unknown,1767.5,1.5,4.5,0.0,Unknown,Unknown,"Monument-lined streets, vibrant museums, and lively neighborhoods create an engaging atmosphere, blending history with modern culture and diverse culinary experiences.",Unknown,0.1,Unknown,031fc396-76f4-4789-ad26-26a0ca29b267,north_america,38.8950368,77.0365427,Mid-range,5.0,2.0,3.0,1.0,3.0,4.0,3.0,5.0,2.0,Unknown,Unknown,121.87,Unknown,4.55,4.5,Unknown,386
Unknown,Unknown,Belgium,Brussels,Unknown,Unknown,1767.5,1.5,4.5,0.0,Unknown,Unknown,"Charming cobblestone streets, the scent of fresh waffles, and vibrant squares create an inviting atmosphere perfect for leisurely exploration.",Unknown,0.1,Unknown,fb56c304-dd9e-433a-8a3b-fda3cdf73cf4,europe,50.8465573,4.351697,Mid-range,4.0,2.0,3.0,1.0,3.0,4.0,3.0,4.0,2.0,Unknown,Unknown,121.87,Unknown,4.55,4.5,Unknown,160
Unknown,Unknown,Canada,Ottawa,Unknown,Unknown,1767.5,1.5,4.5,0.0,Unknown,Unknown,"Charming streets lined with historic architecture meet lush green parks, offering a peaceful yet vibrant atmosphere perfect for leisurely exploration.",Unknown,0.1,Unknown,5c5a1424-5c18-4a8a-b4ec-b8084bfc1003,north_america,45.4208777,75.6901106,Mid-range,4.0,3.0,4.0,2.0,3.0,3.0,3.0,3.0,3.0,Unknown,Unknown,121.87,Unknown,4.55,4.5,Unknown,188
Unknown,Unknown,Czech Republic,Brno,Unknown,Unknown,1767.5,1.5,4.5,0.0,Unknown,Unknown,"Charming cobblestone streets and vibrant student life create an inviting energy, while historic architecture and cozy cafés offer delightful moments of discovery.",Unknown,0.1,Unknown,9c6dae1f-2059-4196-804f-fcd440fb19d0,europe,49.1922443,16.6113382,Budget,4.0,3.0,3.0,1.0,3.0,4.0,3.0,3.0,2.0,Unknown,Unknown,121.87,Unknown,4.55,4.5,Unknown,138
Unknown,Unknown,Estonia,Tartu,Unknown,Unknown,1767.5,1.5,4.5,0.0,Unknown,Unknown,"Charming cobblestone streets and vibrant student life create a lively yet laid-back atmosphere, perfect for exploring quaint cafes and historic architecture.",Unknown,0.1,Unknown,a72016d1-6e5a-45e9-9d47-b0d1dcff8e69,europe,58.3801207,26.72245,Budget,4.0,2.0,3.0,1.0,3.0,3.0,3.0,3.0,3.0,Unknown,Unknown,121.87,Unknown,4.55,4.5,Unknown,137
Unknown,Unknown,Cape Verde,Praia,Unknown,Unknown,1767.5,1.5,4.5,0.0,Unknown,Unknown,"Colorful markets, lively music, and ocean breezes create a vibrant yet laid-back atmosphere that invites you to explore and unwind.",Unknown,0.1,Unknown,920da6cf-c573-4a7d-94f8-b6f93bccb344,africa,14.9162811,23.5095095,Mid-range,3.0,3.0,3.0,4.0,3.0,3.0,2.0,3.0,4.0,Unknown,Unknown,121.87,Unknown,4.55,4.5,Unknown,233
Unknown,Unknown,China,Harbin,Unknown,Unknown,1767.5,1.5,4.5,0.0,Unknown,Unknown,"A winter wonderland with intricate ice sculptures, bustling street markets, and the aroma of hearty local dishes filling the crisp air.",Unknown,0.1,Unknown,d218703a-93de-47e5-b591-a6a45b3187cd,asia,45.7593633,126.6276177,Mid-range,4.0,3.0,3.0,1.0,3.0,3.0,2.0,4.0,2.0,Unknown,Unknown,121.87,Unknown,4.55,4.5,Unknown,72
Unknown,Unknown,Comoros,Moroni,Unknown,Unknown,1767.5,1.5,4.5,0.0,Unknown,Unknown,Winding streets lined with colorful markets and the aroma of spices create a lively yet laid-back atmosphere by the Indian Ocean.,Unknown,0.1,Unknown,51ab40b5-1e27-463a-a1fd-cf9f33a9263a,africa,11.6931255,43.2543044,Budget,3.0,3.0,4.0,3.0,2.0,3.0,2.0,2.0,4.0,Unknown,Unknown,121.87,Unknown,4.55,4.5,Unknown,570
Unknown,Unknown,Czech Republic,Prague,Unknown,Unknown,1767.5,1.5,4.5,0.0,Unknown,Unknown,"Cobblestone streets and Gothic architecture create a fairytale-like atmosphere, where historic charm and modern culture blend seamlessly along the river.",Unknown,0.1,Unknown,acd5d99c-5303-4f22-b176-f67a87c7e59c,europe,50.0874654,14.4212535,Mid-range,5.0,2.0,3.0,1.0,4.0,4.0,3.0,5.0,2.0,Unknown,Unknown,121.87,Unknown,4.55,4.5,Unknown,207
Unknown,Unknown,China,Beijing,Unknown,Unknown,1767.5,1.5,4.5,0.0,Unknown,Unknown,"A dynamic blend of ancient history and modern innovation, with bustling markets, serene temples, and the aroma of sizzling street food.",Unknown,0.1,Unknown,29e3c666-7847-4ce2-a1ab-c4036a94b9db,asia,40.190632,116.412144,Mid-range,5.0,3.0,3.0,1.0,4.0,5.0,3.0,5.0,2.0,Unknown,Unknown,121.87,Unknown,4.55,4.5,Unknown,35
Unknown,Unknown,China,Lhasa,Unknown,Unknown,1767.5,1.5,4.5,0.0,Unknown,Unknown,High-altitude streets filled with the scent of incense and the sound of prayer wheels create a serene yet vibrant atmosphere.,Unknown,0.1,Unknown,e79d9e7b-6fc0-43de-a4fd-df7874e6f754,asia,29.6542054,91.1173015,Luxury,5.0,4.0,4.0,1.0,1.0,3.0,4.0,2.0,5.0,Unknown,Unknown,121.87,Unknown,4.55,4.5,Unknown,296
Unknown,Unknown,Egypt,Aswan,Unknown,Unknown,1767.5,1.5,4.5,0.0,Unknown,Unknown,"Tranquil river views and ancient temples offer a serene escape, with warm breezes and the gentle flow of the Nile setting the pace.",Unknown,0.1,Unknown,16b76b63-d83f-4e9c-86e1-b39fd024f8a9,africa,24.091071,32.897306,Budget,5.0,3.0,4.0,2.0,2.0,4.0,3.0,2.0,4.0,Unknown,Unknown,121.87,Unknown,4.55,4.5,Unknown,491
Unknown,Unknown,Croatia,Rijeka,Unknown,Unknown,1767.5,1.5,4.5,0.0,Unknown,Unknown,"Coastal breezes meet lively streets filled with music and laughter, while historic architecture and vibrant markets create a welcoming, dynamic atmosphere.",Unknown,0.1,Unknown,a3838612-edde-4229-91ba-f6483f24e7c5,europe,45.3267976,14.442208,Mid-range,4.0,3.0,4.0,3.0,3.0,4.0,3.0,3.0,3.0,Unknown,Unknown,121.87,Unknown,4.55,4.5,Unknown,205
Unknown,Unknown,Ecuador,Cuenca,Unknown,Unknown,1767.5,1.5,4.5,0.0,Unknown,Unknown,"Cobblestone streets lined with colonial architecture and vibrant markets create a charming atmosphere, inviting you to explore its rich cultural heritage.",Unknown,0.1,Unknown,766463db-8af1-4a9f-95f4-f2bb8a50db45,south_america,2.8974072,79.0041726,Budget,5.0,3.0,4.0,1.0,3.0,4.0,3.0,3.0,4.0,Unknown,Unknown,121.87,Unknown,4.55,4.5,Unknown,218
Unknown,Unknown,Egypt,Giza,Unknown,Unknown,1767.5,1.5,4.5,0.0,Unknown,Unknown,The awe-inspiring sight of ancient pyramids rising from the golden desert sands creates an atmosphere of timeless wonder and historical intrigue.,Unknown,0.1,Unknown,12aa2887-b59c-4f3d-bad6-7b57dac21879,africa,29.9870753,31.2118063,Mid-range,5.0,3.0,3.0,1.0,2.0,4.0,2.0,3.0,2.0,Unknown,Unknown,121.87,Unknown,4.55,4.5,Unknown,484
Unknown,Unknown,Estonia,Saaremaa Island,Unknown,Unknown,1767.5,1.5,4.5,0.0,Unknown,Unknown,"Gentle sea breezes, serene coastal landscapes, and charming villages offer a peaceful escape that encourages you to unwind and explore leisurely.",Unknown,0.1,Unknown,1f834fe2-c60c-4806-8880-081a9f7c9b72,europe,58.27381995,22.277105752545435,Budget,3.0,3.0,5.0,4.0,2.0,3.0,4.0,2.0,5.0,Unknown,Unknown,121.87,Unknown,4.55,4.5,Unknown,273
Unknown,Unknown,Italy,Venice,Unknown,Unknown,1767.5,1.5,4.5,0.0,Unknown,Unknown,"Winding canals, charming gondolas, and historic architecture create a romantic atmosphere, where every corner reveals a new story and hidden gem.",Unknown,0.1,Unknown,1f31c352-d854-47e4-a556-f0458c248320,europe,45.4371908,12.3345898,Luxury,5.0,2.0,3.0,1.0,3.0,5.0,3.0,4.0,2.0,Unknown,Unknown,121.87,Unknown,4.55,4.5,Unknown,561
Unknown,Unknown,France,Rennes,Unknown,Unknown,1767.5,1.5,4.5,0.0,Unknown,Unknown,"Charming streets lined with timber-framed houses, lively markets, and a vibrant student atmosphere create a welcoming and dynamic experience.",Unknown,0.1,Unknown,4311c598-a756-4776-ab4a-aab47d5252b7,europe,48.1113387,1.6800198,Mid-range,4.0,2.0,3.0,2.0,3.0,4.0,3.0,3.0,3.0,Unknown,Unknown,121.87,Unknown,4.55,4.5,Unknown,194
Unknown,Unknown,French Polynesia,Papeete,Unknown,Unknown,1767.5,1.5,4.5,0.0,Unknown,Unknown,"A tropical blend of vibrant markets, lush landscapes, and the gentle sound of waves creates a serene yet lively island atmosphere.",Unknown,0.1,Unknown,7b87f72d-9e50-4e58-9053-cc2e71ff6511,oceania,17.5373835,149.5659964,Luxury,3.0,4.0,5.0,5.0,3.0,4.0,4.0,3.0,4.0,Unknown,Unknown,121.87,Unknown,4.55,4.5,Unknown,57
Unknown,Unknown,France,Lyon,Unknown,Unknown,1767.5,1.5,4.5,0.0,Unknown,Unknown,"Charming cobblestone streets, riverside views, and an irresistible culinary scene make every moment feel like a delightful discovery.",Unknown,0.1,Unknown,c4dbcb6c-a538-4ea4-8949-15abc60cfb20,europe,45.7578137,4.8320114,Mid-range,5.0,2.0,3.0,1.0,4.0,5.0,3.0,4.0,2.0,Unknown,Unknown,121.87,Unknown,4.55,4.5,Unknown,158
Unknown,Unknown,French Polynesia,Bora Bora,Unknown,Unknown,1767.5,1.5,4.5,0.0,Unknown,Unknown,"Turquoise lagoons and lush green mountains create a serene paradise, where the gentle ocean breeze and vibrant sunsets captivate your senses.",Unknown,0.1,Unknown,91cac04b-ad02-4e41-bc20-ad0bbe5e65a0,oceania,16.504346650000002,151.73668863927236,Luxury,2.0,4.0,5.0,5.0,2.0,3.0,5.0,1.0,5.0,Unknown,Unknown,121.87,Unknown,4.55,4.5,Unknown,508
Unknown,Unknown,France,Carcassone,Unknown,Unknown,1767.5,1.5,4.5,0.0,Unknown,Unknown,"Wandering through narrow cobblestone streets, you feel the weight of history enveloped by ancient walls, with the aroma of rustic French cuisine lingering.",Unknown,0.1,Unknown,14f66152-9e1f-49a6-af54-b5c594fb958f,europe,43.2130358,2.3491069,Mid-range,5.0,2.0,3.0,1.0,2.0,4.0,2.0,2.0,3.0,Unknown,Unknown,121.87,Unknown,4.55,4.5,Unknown,542
Unknown,Unknown,Japan,Osaka,Unknown,Unknown,1767.5,1.5,4.5,0.0,Unknown,Unknown,"Bustling streets filled with neon lights, delicious street food aromas, and the energetic hum of friendly locals create a lively urban vibe.",Unknown,0.1,Unknown,c2f88913-cb3d-480a-9468-539f31cda9f7,asia,34.6937569,135.5014539,Luxury,4.0,2.0,3.0,2.0,4.0,5.0,3.0,5.0,2.0,Unknown,Unknown,121.87,Unknown,4.55,4.5,Unknown,103
Unknown,Unknown,Gambia,Banjul,Unknown,Unknown,1767.5,1.5,4.5,0.0,Unknown,Unknown,"Bustling markets filled with vibrant colors and the aroma of spices, alongside tranquil river views, create a welcoming and lively atmosphere.",Unknown,0.1,Unknown,89a63e37-123a-4dfd-88d2-b7cb58c7b4e4,africa,13.4410165,16.56275092072591,Budget,3.0,3.0,4.0,4.0,2.0,3.0,2.0,2.0,3.0,Unknown,Unknown,121.87,Unknown,4.55,4.5,Unknown,90
Unknown,Unknown,Germany,Hamburg,Unknown,Unknown,1767.5,1.5,4.5,0.0,Unknown,Unknown,"A lively port city where historic architecture meets modern design, offering a relaxed vibe with waterfront strolls and bustling markets.",Unknown,0.1,Unknown,bbbaa3f2-5a06-4e14-9626-0ec02a43b129,europe,53.550341,10.000654,Mid-range,4.0,3.0,3.0,2.0,4.0,4.0,3.0,5.0,2.0,Unknown,Unknown,121.87,Unknown,4.55,4.5,Unknown,49
Unknown,Unknown,Lithuania,Vilnius,Unknown,Unknown,1767.5,1.5,4.5,0.0,Unknown,Unknown,"Charming cobblestone streets and baroque architecture blend with a youthful energy, offering a cozy yet vibrant atmosphere perfect for leisurely exploration.",Unknown,0.1,Unknown,8487babf-ddba-48fa-aaa9-d8bbf60b7d73,europe,54.6870458,25.2829111,Budget,4.0,2.0,3.0,2.0,3.0,3.0,3.0,3.0,3.0,Unknown,Unknown,121.87,Unknown,4.55,4.5,Unknown,130
Unknown,Unknown,Venezuela,San Cristobal,Unknown,Unknown,1767.5,1.5,4.5,0.0,Unknown,Unknown,"A lively blend of bustling markets, friendly locals, and the refreshing mountain air creates a welcoming and invigorating atmosphere.",Unknown,0.1,Unknown,6cad25d4-a467-4942-9b04-0ace1de123e4,south_america,7.7756663,72.2214154,Budget,3.0,3.0,4.0,1.0,3.0,3.0,3.0,3.0,4.0,Unknown,Unknown,121.87,Unknown,4.55,4.5,Unknown,42
Unknown,Unknown,Germany,Lübeck,Unknown,Unknown,1767.5,1.5,4.5,0.0,Unknown,Unknown,Charming cobblestone streets lined with medieval architecture and the scent of marzipan create an inviting and cozy atmosphere for exploration.,Unknown,0.1,Unknown,3c17a4a0-29e4-4aba-aaba-8f6e831349f1,europe,53.866444,10.684738,Mid-range,4.0,2.0,3.0,2.0,3.0,4.0,3.0,3.0,3.0,Unknown,Unknown,121.87,Unknown,4.55,4.5,Unknown,144
Unknown,Unknown,Guatemala,Antigua,Unknown,Unknown,1767.5,1.5,4.5,0.0,Unknown,Unknown,Cobblestone streets lined with colorful colonial buildings and vibrant markets create an enchanting atmosphere that feels both historic and warmly inviting.,Unknown,0.1,Unknown,c929605b-29fe-440d-9b79-c0a899e95238,north_america,14.5567814,90.7337346,Budget,5.0,3.0,4.0,1.0,3.0,4.0,3.0,3.0,4.0,Unknown,Unknown,121.87,Unknown,4.55,4.5,Unknown,220
Unknown,Unknown,Iceland,Akureyri,Unknown,Unknown,1767.5,1.5,4.5,0.0,Unknown,Unknown,"Nestled by stunning fjords, this charming town offers a cozy vibe with colorful houses and a backdrop of snow-capped mountains.",Unknown,0.1,Unknown,fd6dcc88-7ef3-4990-a6e2-ae24b08badab,europe,65.68390355,18.11217559813441,Luxury,3.0,4.0,5.0,2.0,2.0,3.0,3.0,3.0,4.0,Unknown,Unknown,121.87,Unknown,4.55,4.5,Unknown,402
Unknown,Unknown,France,Ajaccio,Unknown,Unknown,1767.5,1.5,4.5,0.0,Unknown,Unknown,"Nestled between mountains and sea, this charming coastal town offers sunlit streets, vibrant markets, and a rich tapestry of history and culture.",Unknown,0.1,Unknown,37d8bd6e-fad0-4304-93bd-26975ac8944f,europe,41.9263991,8.7376029,Mid-range,4.0,3.0,4.0,4.0,3.0,4.0,3.0,3.0,4.0,Unknown,Unknown,121.87,Unknown,4.55,4.5,Unknown,396
Unknown,Unknown,Vanuatu,Tanna Island,Unknown,Unknown,1767.5,1.5,4.5,0.0,Unknown,Unknown,"Lush jungles, volcanic landscapes, and welcoming locals create a serene and adventurous atmosphere, inviting you to explore and unwind.",Unknown,0.1,Unknown,077a909f-9984-4cef-8872-07c697cab0fb,oceania,19.48577845,169.33450144830016,Mid-range,4.0,4.0,5.0,4.0,1.0,3.0,3.0,1.0,5.0,Unknown,Unknown,121.87,Unknown,4.55,4.5,Unknown,348
Unknown,Unknown,Vietnam,Ho Chi Minh City,Unknown,Unknown,1767.5,1.5,4.5,0.0,Unknown,Unknown,"Bustling streets filled with the aroma of street food and the hum of scooters create a vibrant, energetic atmosphere that's uniquely captivating.",Unknown,0.1,Unknown,b3d93e9e-ad99-4429-b281-c0750bf6e2c8,asia,10.7763897,106.7011391,Budget,4.0,3.0,2.0,2.0,4.0,5.0,3.0,5.0,2.0,Unknown,Unknown,121.87,Unknown,4.55,4.5,Unknown,107
Unknown,Unknown,United Kingdom,York,Unknown,Unknown,1767.5,1.5,4.5,0.0,Unknown,Unknown,"Charming cobblestone streets and ancient city walls create a cozy, inviting atmosphere, where history and modern vibrancy coexist beautifully.",Unknown,0.1,Unknown,bebdecac-357c-4178-a4d3-b29d1c286f0d,europe,53.96565785,1.0743052444639218,Mid-range,5.0,2.0,3.0,1.0,3.0,4.0,3.0,3.0,3.0,Unknown,Unknown,121.87,Unknown,4.55,4.5,Unknown,129
Unknown,Unknown,Italy,Matera,Unknown,Unknown,1767.5,1.5,4.5,0.0,Unknown,Unknown,"Winding stone streets and ancient cave dwellings create an atmosphere of timeless mystery, inviting you to explore its unique history and charm.",Unknown,0.1,Unknown,19ad6eea-d5b7-4468-8ed3-79e4c795bb7a,europe,40.4476419,16.47357384028852,Mid-range,5.0,2.0,3.0,1.0,2.0,4.0,3.0,3.0,4.0,Unknown,Unknown,121.87,Unknown,4.55,4.5,Unknown,567
Unknown,Unknown,Japan,Hiroshima,Unknown,Unknown,1767.5,1.5,4.5,0.0,Unknown,Unknown,"A serene blend of reflective history and modern vibrancy, where tranquil gardens meet bustling streets, offering a deeply moving yet uplifting experience.",Unknown,0.1,Unknown,3cbd302a-6109-43c9-a113-112542bef4ae,asia,34.3917241,132.4517589,Mid-range,5.0,2.0,3.0,2.0,3.0,4.0,3.0,3.0,3.0,Unknown,Unknown,121.87,Unknown,4.55,4.5,Unknown,53
Unknown,Unknown,Laos,Vientiane,Unknown,Unknown,1767.5,1.5,4.5,0.0,Unknown,Unknown,"Tranquil streets lined with French colonial architecture, vibrant markets, and serene temples create a peaceful yet culturally rich experience.",Unknown,0.1,Unknown,0f7e00d1-189f-4504-a23d-71dc70d98ae4,asia,17.9640988,102.6133707,Budget,4.0,3.0,3.0,1.0,2.0,4.0,3.0,2.0,4.0,Unknown,Unknown,121.87,Unknown,4.55,4.5,Unknown,492
Unknown,Unknown,United Kingdom,Edinburgh,Unknown,Unknown,1767.5,1.5,4.5,0.0,Unknown,Unknown,"Charming cobblestone streets, historic castles, and the sound of bagpipes create a magical atmosphere that feels both ancient and alive.",Unknown,0.1,Unknown,25da92b8-f1f0-4a49-b8ee-45fbc0f1f17a,europe,55.9533456,3.1883749,Mid-range,5.0,3.0,3.0,2.0,4.0,4.0,3.0,4.0,2.0,Unknown,Unknown,121.87,Unknown,4.55,4.5,Unknown,152
Unknown,Unknown,Zambia,Lusaka,Unknown,Unknown,1767.5,1.5,4.5,0.0,Unknown,Unknown,"Bustling markets, vibrant local culture, and open green spaces create a lively yet laid-back atmosphere that's both welcoming and engaging.",Unknown,0.1,Unknown,7e080529-0ecf-4c7a-b6dd-c316c5cfdab7,africa,15.4163395,28.2818414,Budget,3.0,3.0,4.0,1.0,2.0,3.0,2.0,3.0,3.0,Unknown,Unknown,121.87,Unknown,4.55,4.5,Unknown,94
Unknown,Unknown,Morocco,Marrakesh,Unknown,Unknown,1767.5,1.5,4.5,0.0,Unknown,Unknown,"A sensory feast of vibrant colors, aromatic spices, bustling souks, and serene gardens, creating an enchanting and immersive experience for every visitor.",Unknown,0.1,Unknown,6018cfaa-2009-46c1-9b4e-abc97eecad6b,africa,31.6258257,7.9891608,Budget,5.0,3.0,3.0,1.0,4.0,5.0,4.0,4.0,2.0,Unknown,Unknown,121.87,Unknown,4.55,4.5,Unknown,52
Unknown,Unknown,Philippines,Palawan,Unknown,Unknown,1767.5,1.5,4.5,0.0,Unknown,Unknown,"Crystal-clear waters, lush green landscapes, and vibrant marine life create a serene escape where relaxation and adventure blend seamlessly.",Unknown,0.1,Unknown,01db5747-b1a8-4398-851b-5f4be4f7e453,asia,11.0798978,120.93734215474105,Budget,3.0,4.0,5.0,5.0,2.0,3.0,3.0,2.0,5.0,Unknown,Unknown,121.87,Unknown,4.55,4.5,Unknown,249
Unknown,Unknown,North Macedonia,Ohrid,Unknown,Unknown,1767.5,1.5,4.5,0.0,Unknown,Unknown,"Charming lakeside views, ancient cobblestone streets, and the scent of fresh coffee create a peaceful yet vibrant atmosphere perfect for unwinding.",Unknown,0.1,Unknown,b5a1cb1c-42d2-4235-a907-6791f1177f34,europe,41.1170203,20.8017715,Budget,4.0,3.0,5.0,3.0,3.0,3.0,3.0,2.0,4.0,Unknown,Unknown,121.87,Unknown,4.55,4.5,Unknown,172
Unknown,Unknown,Portugal,Algarve,Unknown,Unknown,1767.5,1.5,4.5,0.0,Unknown,Unknown,"Golden cliffs and serene beaches meet charming villages, where the scent of grilled sardines and the sound of ocean waves fill the air.",Unknown,0.1,Unknown,d61c9838-c92c-4619-aa92-5daf546b71df,europe,37.24480855,8.150756196275431,Mid-range,3.0,4.0,4.0,5.0,3.0,4.0,4.0,3.0,3.0,Unknown,Unknown,121.87,Unknown,4.55,4.5,Unknown,289
Unknown,Unknown,Romania,Bucharest,Unknown,Unknown,1767.5,1.5,4.5,0.0,Unknown,Unknown,"Tree-lined boulevards, eclectic architecture, and lively squares invite you to explore a city where history and modernity coexist seamlessly.",Unknown,0.1,Unknown,cd74974b-0218-4e6a-b947-13d8ee80dbb7,europe,44.4361414,26.1027202,Budget,4.0,2.0,3.0,1.0,4.0,4.0,3.0,4.0,2.0,Unknown,Unknown,121.87,Unknown,4.55,4.5,Unknown,494
Unknown,Unknown,Seychelles,Seychelles,Unknown,Unknown,1767.5,1.5,4.5,0.0,Unknown,Unknown,"Imagine pristine beaches with powdery sand, lush greenery, and the gentle sound of waves, offering a serene and rejuvenating escape.",Unknown,0.1,Unknown,5de00cf4-d669-44be-936b-707e01d25311,africa,4.6574977,55.4540146,Luxury,2.0,3.0,5.0,5.0,2.0,4.0,4.0,2.0,5.0,Unknown,Unknown,121.87,Unknown,4.55,4.5,Unknown,311
Unknown,Unknown,Switzerland,Zurich,Unknown,Unknown,1767.5,1.5,4.5,0.0,Unknown,Unknown,Charming streets lined with elegant boutiques and cozy cafes offer a blend of modern sophistication and rich historical charm.,Unknown,0.1,Unknown,c17afe66-e784-4b36-96ff-da56a56ff78a,europe,47.3744489,8.5410422,Luxury,4.0,3.0,4.0,1.0,3.0,4.0,4.0,5.0,2.0,Unknown,Unknown,121.87,Unknown,4.55,4.5,Unknown,183
Unknown,Unknown,United Arab Emirates,Dubai,Unknown,Unknown,1767.5,1.5,4.5,0.0,Unknown,Unknown,"Skyscrapers glisten under the sun, luxury blends with tradition, and the aroma of spices fills the air, creating a uniquely vibrant experience.",Unknown,0.1,Unknown,5c470d58-5ad9-4aaa-903b-fa9a2bed3c68,middle_east,25.07428235,55.18853865430702,Luxury,4.0,4.0,2.0,4.0,5.0,4.0,5.0,5.0,2.0,Unknown,Unknown,121.87,Unknown,4.55,4.5,Unknown,438
Unknown,Unknown,Tanzania,Zanzibar,Unknown,Unknown,1767.5,1.5,4.5,0.0,Unknown,Unknown,"White sandy beaches, turquoise waters, and the scent of spices fill the air, creating an enchanting and laid-back island vibe.",Unknown,0.1,Unknown,89e1f300-6ffd-4c18-a700-c9815dcdad84,africa,6.1664908,39.2074312,Mid-range,4.0,4.0,5.0,5.0,3.0,4.0,4.0,2.0,4.0,Unknown,Unknown,121.87,Unknown,4.55,4.5,Unknown,547
Unknown,Unknown,United States,Atlanta,Unknown,Unknown,1767.5,1.5,4.5,0.0,Unknown,Unknown,"Bustling streets lined with lush trees, vibrant arts scenes, and a welcoming Southern charm create a warm and dynamic urban experience.",Unknown,0.1,Unknown,60a84e59-6313-4576-a15a-b72c3e0dba67,north_america,33.7489924,84.3902644,Mid-range,4.0,3.0,3.0,1.0,4.0,4.0,3.0,4.0,2.0,Unknown,Unknown,121.87,Unknown,4.55,4.5,Unknown,115
Unknown,Unknown,Bhutan,Thimphu,Unknown,Unknown,1767.5,1.5,4.5,0.0,Unknown,Unknown,"Nestled in the mountains, this city blends serene monasteries with colorful markets, offering a unique blend of tradition and tranquility.",Unknown,0.1,Unknown,40167255-1cae-4156-8d8d-cde07255405e,asia,27.4713546,89.6336729,Luxury,5.0,3.0,4.0,1.0,2.0,3.0,4.0,2.0,5.0,Unknown,Unknown,121.87,Unknown,4.55,4.5,Unknown,407
Unknown,Unknown,United States,Los Angeles,Unknown,Unknown,1767.5,1.5,4.5,0.0,Unknown,Unknown,"Endless sunshine, diverse neighborhoods, and the allure of Hollywood create a dynamic atmosphere where every street feels like a new adventure.",Unknown,0.1,Unknown,0a7d0b01-4cdf-4968-81ea-ac4e5d5d2fa1,north_america,34.0536909,118.242766,Luxury,4.0,3.0,3.0,4.0,5.0,4.0,4.0,5.0,2.0,Unknown,Unknown,121.87,Unknown,4.55,4.5,Unknown,264
Unknown,Unknown,United States,Savannah,Unknown,Unknown,1767.5,1.5,4.5,0.0,Unknown,Unknown,"Cobblestone streets lined with moss-draped oaks create a charming, historic atmosphere, inviting leisurely strolls and a sense of Southern hospitality.",Unknown,0.1,Unknown,4ed326e5-e344-48c0-a1ff-b69d6fdb9b7f,north_america,32.0790074,81.0921335,Mid-range,4.0,3.0,3.0,2.0,3.0,4.0,3.0,3.0,3.0,Unknown,Unknown,121.87,Unknown,4.55,4.5,Unknown,224
Unknown,Unknown,Uzbekistan,Bukhara,Unknown,Unknown,1767.5,1.5,4.5,0.0,Unknown,Unknown,"Wandering through ancient streets, you'll feel the echoes of history in every corner, with vibrant markets and the scent of spices filling the air.",Unknown,0.1,Unknown,f7d86453-1908-48d0-9b86-63c6a6b7c2ae,asia,39.7675529,64.4231326,Budget,5.0,2.0,3.0,1.0,2.0,3.0,2.0,3.0,4.0,Unknown,Unknown,121.87,Unknown,4.55,4.5,Unknown,539
Unknown,Unknown,Canada,Montreal,Unknown,Unknown,1767.5,1.5,4.5,0.0,Unknown,Unknown,"Charming streets filled with a mix of European elegance and North American vibrancy, offering lively festivals, diverse cuisine, and artistic flair.",Unknown,0.1,Unknown,8a01ffff-5a20-4ddb-af63-f82c9fa0e277,north_america,45.5031824,73.5698065,Mid-range,5.0,3.0,3.0,2.0,4.0,5.0,3.0,5.0,2.0,Unknown,Unknown,121.87,Unknown,4.55,4.5,Unknown,179
Unknown,Unknown,Vietnam,Hanoi,Unknown,Unknown,1767.5,1.5,4.5,0.0,Unknown,Unknown,"Bustling streets filled with the aroma of street food, lively markets, and serene lakes create a vibrant yet peaceful atmosphere.",Unknown,0.1,Unknown,dca139e8-a2d8-4edc-a494-bb831291452e,asia,21.0283334,105.854041,Budget,5.0,3.0,3.0,1.0,3.0,5.0,3.0,4.0,2.0,Unknown,Unknown,121.87,Unknown,4.55,4.5,Unknown,108
Unknown,Unknown,Australia,Perth,Unknown,Unknown,1767.5,1.5,4.5,0.0,Unknown,Unknown,"Sun-kissed beaches meet a laid-back city vibe with sprawling parks, buzzing markets, and a sense of space that feels refreshingly open.",Unknown,0.1,Unknown,27867d01-7251-434e-a743-c50193f8dc86,oceania,31.9558933,115.8605855,Mid-range,3.0,4.0,4.0,4.0,3.0,4.0,3.0,3.0,3.0,Unknown,Unknown,121.87,Unknown,4.55,4.5,Unknown,475
Unknown,Unknown,United Kingdom,Cardiff,Unknown,Unknown,1767.5,1.5,4.5,0.0,Unknown,Unknown,"Charming streets lined with historic architecture and lively pubs create a welcoming atmosphere, where you can feel the city's rich cultural heartbeat.",Unknown,0.1,Unknown,765ff37e-f3fa-48d4-9631-679279fd3045,europe,51.4816546,3.1791934,Mid-range,4.0,2.0,3.0,2.0,4.0,3.0,3.0,4.0,2.0,Unknown,Unknown,121.87,Unknown,4.55,4.5,Unknown,185
Unknown,Unknown,United States,San Jose,Unknown,Unknown,1767.5,1.5,4.5,0.0,Unknown,Unknown,"A blend of innovation and natural beauty, with sunlit streets, tech-savvy energy, and nearby escapes to lush parks and rolling hills.",Unknown,0.1,Unknown,2af06632-f7aa-4f48-88ff-a7f90e8da41e,north_america,37.3361663,121.890591,Luxury,3.0,3.0,4.0,2.0,3.0,3.0,3.0,4.0,2.0,Unknown,Unknown,121.87,Unknown,4.55,4.5,Unknown,3
Unknown,Unknown,United States,Orlando,Unknown,Unknown,1767.5,1.5,4.5,0.0,Unknown,Unknown,"Theme parks brimming with excitement, vibrant entertainment districts, and sunny afternoons create a lively atmosphere perfect for family adventures and fun-filled days.",Unknown,0.1,Unknown,c4d01836-2731-498c-afa0-164e08df33be,north_america,28.5421109,81.3790304,Mid-range,3.0,4.0,3.0,2.0,4.0,3.0,3.0,4.0,2.0,Unknown,Unknown,121.87,Unknown,4.55,4.5,Unknown,489
Unknown,Unknown,Romania,Sighisoara,Unknown,Unknown,1767.5,1.5,4.5,0.0,Unknown,Unknown,"Cobblestone streets and colorful medieval towers create a fairy-tale setting, inviting you to wander and uncover centuries-old secrets around every corner.",Unknown,0.1,Unknown,2278b395-3809-4d23-b74d-2e6ebfdce2ed,europe,46.2202037,24.7934483,Budget,5.0,3.0,3.0,1.0,2.0,3.0,2.0,2.0,4.0,Unknown,Unknown,121.87,Unknown,4.55,4.5,Unknown,208
Unknown,Unknown,Canada,Vancouver,Unknown,Unknown,1767.5,1.5,4.5,0.0,Unknown,Unknown,"Nestled between ocean and mountains, this city offers a harmonious blend of urban excitement and serene natural beauty, perfect for outdoor enthusiasts.",Unknown,0.1,Unknown,31c38956-bfd7-49a1-82f6-656ae066db1f,north_america,49.2608724,123.113952,Luxury,4.0,4.0,5.0,3.0,4.0,4.0,4.0,5.0,3.0,Unknown,Unknown,121.87,Unknown,4.55,4.5,Unknown,397
Unknown,Unknown,United Kingdom,Keswick,Unknown,Unknown,1767.5,1.5,4.5,0.0,Unknown,Unknown,"Surrounded by majestic peaks and serene lakes, this charming town offers a peaceful escape with invigorating hikes and quaint local shops.",Unknown,0.1,Unknown,3f80a914-4217-4ee3-87a7-657e5480fea4,europe,54.6009812,3.1375822,Mid-range,3.0,4.0,5.0,2.0,2.0,3.0,3.0,2.0,4.0,Unknown,Unknown,121.87,Unknown,4.55,4.5,Unknown,481
Unknown,Unknown,Italy,Bologna,Unknown,Unknown,1767.5,1.5,4.5,0.0,Unknown,Unknown,"Strolling under ancient porticoes, savoring rich aromas of fresh pasta, and enjoying lively piazzas create a warm, welcoming atmosphere.",Unknown,0.1,Unknown,43e082aa-865c-4847-a8f3-7ee4e77c05de,europe,44.4938203,11.3426327,Mid-range,5.0,2.0,3.0,1.0,3.0,5.0,3.0,4.0,2.0,Unknown,Unknown,121.87,Unknown,4.55,4.5,Unknown,454
Unknown,Unknown,United Kingdom,Isle of Skye,Unknown,Unknown,1767.5,1.5,4.5,0.0,Unknown,Unknown,"Dramatic landscapes with rugged cliffs and serene lochs create an enchanting atmosphere, perfect for exploring nature and experiencing tranquil moments.",Unknown,0.1,Unknown,794e7d71-b99b-415f-8b9c-790ec7773bd1,europe,57.36300795,6.302173669619252,Mid-range,3.0,4.0,5.0,3.0,1.0,3.0,3.0,1.0,5.0,Unknown,Unknown,121.87,Unknown,4.55,4.5,Unknown,256
Unknown,Unknown,Portugal,Guimarães,Unknown,Unknown,1767.5,1.5,4.5,0.0,Unknown,Unknown,"Cobblestone streets, medieval architecture, and a welcoming atmosphere make wandering feel like stepping back in time, rich with history and charm.",Unknown,0.1,Unknown,f01a2bac-182f-4a9a-bd44-d75f65b50bd7,europe,41.4417677,8.2955712,Mid-range,4.0,3.0,3.0,1.0,2.0,4.0,3.0,3.0,3.0,Unknown,Unknown,121.87,Unknown,4.55,4.5,Unknown,227
Unknown,Unknown,China,Macau,Unknown,Unknown,1767.5,1.5,4.5,0.0,Unknown,Unknown,"A unique blend of Portuguese heritage and vibrant Chinese culture, with bustling streets, aromatic food stalls, and dazzling casino lights.",Unknown,0.1,Unknown,0c2f27fb-d5ed-4047-a16e-05fb872fe7b3,asia,22.1757605,113.5514142,Mid-range,4.0,3.0,2.0,2.0,5.0,4.0,3.0,5.0,2.0,Unknown,Unknown,121.87,Unknown,4.55,4.5,Unknown,58
Unknown,Unknown,Colombia,Salento,Unknown,Unknown,1767.5,1.5,4.5,0.0,Unknown,Unknown,"Rolling green hills and colorful streets create a welcoming vibe, with coffee aromas and vibrant landscapes offering a true sensory escape.",Unknown,0.1,Unknown,a42b301e-5afe-417e-a81f-9f847e267f88,south_america,4.6373012,75.569799,Budget,4.0,4.0,5.0,1.0,2.0,4.0,3.0,2.0,4.0,Unknown,Unknown,121.87,Unknown,4.55,4.5,Unknown,424
Unknown,Unknown,Croatia,Zagreb,Unknown,Unknown,1767.5,1.5,4.5,0.0,Unknown,Unknown,"A blend of charming cobblestone streets, vibrant markets, and lively cafes creates an inviting atmosphere filled with history and modern culture.",Unknown,0.1,Unknown,9f779614-05dd-41e8-833b-8fa44cee9475,europe,45.8130967,15.9772795,Mid-range,4.0,3.0,3.0,1.0,3.0,4.0,3.0,4.0,2.0,Unknown,Unknown,121.87,Unknown,4.55,4.5,Unknown,0
Unknown,Unknown,Ecuador,Quito,Unknown,Unknown,1767.5,1.5,4.5,0.0,Unknown,Unknown,"Wander through cobblestone streets with vibrant colonial architecture, surrounded by the scent of Andean spices and the hum of lively markets.",Unknown,0.1,Unknown,f206b4f0-81db-4098-8142-a69892f9f14b,south_america,0.2201641,78.5123274,Budget,5.0,4.0,4.0,2.0,3.0,4.0,3.0,3.0,3.0,Unknown,Unknown,121.87,Unknown,4.55,4.5,Unknown,534
Unknown,Unknown,El Salvador,San Salvador,Unknown,Unknown,1767.5,1.5,4.5,0.0,Unknown,Unknown,"Lively streets buzz with local vendors and colorful markets, while nearby volcanoes and lush landscapes offer a sense of adventure and natural beauty.",Unknown,0.1,Unknown,b411a358-6873-46d3-b693-174931a4a948,north_america,13.6989939,89.1914249,Budget,3.0,3.0,3.0,3.0,3.0,4.0,2.0,3.0,2.0,Unknown,Unknown,121.87,Unknown,4.55,4.5,Unknown,319
Unknown,Unknown,Fiji,Suva,Unknown,Unknown,1767.5,1.5,4.5,0.0,Unknown,Unknown,"Tropical breezes mingle with the vibrant bustle of markets and the warmth of welcoming locals, creating an inviting and lively atmosphere.",Unknown,0.1,Unknown,9cca8483-23d3-4725-b369-ba831d2c16b3,oceania,18.1415884,178.4421662,Mid-range,3.0,3.0,4.0,3.0,3.0,3.0,3.0,3.0,2.0,Unknown,Unknown,121.87,Unknown,4.55,4.5,Unknown,501
Unknown,Unknown,France,Toulouse,Unknown,Unknown,1767.5,1.5,4.5,0.0,Unknown,Unknown,"Charming cobblestone streets, pink-hued buildings, and a lively café culture create a welcoming atmosphere that's both vibrant and soothing.",Unknown,0.1,Unknown,0eeb9c0f-6cae-4e46-ba5a-dba09017c4ec,europe,43.6044622,1.4442469,Mid-range,4.0,3.0,3.0,2.0,4.0,4.0,3.0,4.0,2.0,Unknown,Unknown,121.87,Unknown,4.55,4.5,Unknown,157
Unknown,Unknown,Germany,Frankfurt,Unknown,Unknown,1767.5,1.5,4.5,0.0,Unknown,Unknown,"Skyscrapers and historic charm blend seamlessly, offering a dynamic cityscape where modernity meets tradition, all underlined by a vibrant cultural scene.",Unknown,0.1,Unknown,9a4f8eec-e269-42bb-96bd-4c0e0a82df57,europe,50.1106444,8.6820917,Mid-range,4.0,2.0,3.0,1.0,4.0,4.0,3.0,5.0,2.0,Unknown,Unknown,121.87,Unknown,4.55,4.5,Unknown,437
Unknown,Unknown,Ghana,Accra,Unknown,Unknown,1767.5,1.5,4.5,0.0,Unknown,Unknown,"Lively streets filled with vibrant markets, rhythmic music, and the aroma of spicy street food create a captivating and energetic atmosphere.",Unknown,0.1,Unknown,3c3ca961-011a-4144-8dff-741dd64d363e,africa,5.5571096,0.2012376,Budget,4.0,3.0,3.0,3.0,3.0,4.0,3.0,3.0,2.0,Unknown,Unknown,121.87,Unknown,4.55,4.5,Unknown,330
Unknown,Unknown,French Guiana,Cayenne,Unknown,Unknown,1767.5,1.5,4.5,0.0,Unknown,Unknown,"Tropical vibes meet colonial charm with bustling markets, vibrant street life, and lush greenery creating a unique and inviting atmosphere.",Unknown,0.1,Unknown,bfb367bf-51e6-4098-89b3-4868a8b7c834,south_america,4.9371544,52.3258736,Mid-range,3.0,4.0,5.0,3.0,2.0,3.0,2.0,2.0,4.0,Unknown,Unknown,121.87,Unknown,4.55,4.5,Unknown,505
Unknown,Unknown,Australia,Launceston,Unknown,Unknown,1767.5,1.5,4.5,0.0,Unknown,Unknown,"Charming streets lined with heritage buildings, surrounded by lush parks and vineyards, offer a welcoming atmosphere with a touch of rustic elegance.",Unknown,0.1,Unknown,90ca1550-325d-4036-ae5a-5a2d7518d12a,oceania,41.4340813,147.1373496,Mid-range,3.0,4.0,5.0,2.0,2.0,3.0,3.0,3.0,4.0,Unknown,Unknown,121.87,Unknown,4.55,4.5,Unknown,184
Unknown,Unknown,Chile,Valparaíso,Unknown,Unknown,1767.5,1.5,4.5,0.0,Unknown,Unknown,"Colorful hillside neighborhoods cascade down to the bustling port, where vibrant street art and ocean breezes create an inspiring, bohemian atmosphere.",Unknown,0.1,Unknown,7c9a3427-bce5-49c4-ace2-b19967022373,south_america,33.0458456,71.6196749,Mid-range,4.0,3.0,3.0,3.0,4.0,4.0,3.0,4.0,2.0,Unknown,Unknown,121.87,Unknown,4.55,4.5,Unknown,231
Unknown,Unknown,France,Colmar,Unknown,Unknown,1767.5,1.5,4.5,0.0,Unknown,Unknown,"Charming canals lined with half-timbered houses and vibrant flowers create a fairy-tale atmosphere, inviting leisurely strolls and delightful discoveries.",Unknown,0.1,Unknown,265ee9f4-2324-46bc-95e2-11a7b655e833,europe,48.0777517,7.3579641,Mid-range,4.0,2.0,3.0,1.0,2.0,4.0,3.0,2.0,4.0,Unknown,Unknown,121.87,Unknown,4.55,4.5,Unknown,122
Unknown,Unknown,Slovakia,Bratislava,Unknown,Unknown,1767.5,1.5,4.5,0.0,Unknown,Unknown,"Charming cobblestone streets and lively squares invite you to explore colorful facades, historic landmarks, and cozy cafés offering a warm, welcoming vibe.",Unknown,0.1,Unknown,1e1b5cd7-966e-419c-a2d4-c9fe088a9289,europe,48.1516988,17.1093063,Mid-range,4.0,3.0,3.0,1.0,3.0,3.0,3.0,3.0,3.0,Unknown,Unknown,121.87,Unknown,4.55,4.5,Unknown,133
Unknown,Unknown,Hong Kong,Hong Kong,Unknown,Unknown,1767.5,1.5,4.5,0.0,Unknown,Unknown,"A bustling metropolis where neon lights reflect off harbor waters, offering a vibrant mix of street markets, towering skyscrapers, and serene parks.",Unknown,0.1,Unknown,1d32dfff-864b-4298-8be7-1f9714936244,asia,22.2793278,114.1628131,Luxury,5.0,3.0,3.0,2.0,5.0,5.0,3.0,5.0,2.0,Unknown,Unknown,121.87,Unknown,4.55,4.5,Unknown,15
Unknown,Unknown,Cuba,Trinidad,Unknown,Unknown,1767.5,1.5,4.5,0.0,Unknown,Unknown,"Cobblestone streets echo with the sounds of salsa music, while colorful colonial buildings and vibrant markets create a lively, timeless atmosphere.",Unknown,0.1,Unknown,f03bee1f-4a0c-48b7-9552-b0520359357d,north_america,21.8052055,79.9845797,Budget,5.0,3.0,4.0,3.0,3.0,4.0,3.0,2.0,4.0,Unknown,Unknown,121.87,Unknown,4.55,4.5,Unknown,213
Unknown,Unknown,Bulgaria,Plovdiv,Unknown,Unknown,1767.5,1.5,4.5,0.0,Unknown,Unknown,"Charming cobblestone streets, vibrant street art, and ancient ruins create a unique blend of history and modernity, inviting leisurely exploration.",Unknown,0.1,Unknown,2112510a-fb29-4ca0-82e1-682dc6073880,europe,42.1418541,24.7499297,Budget,4.0,3.0,3.0,1.0,3.0,4.0,3.0,3.0,3.0,Unknown,Unknown,121.87,Unknown,4.55,4.5,Unknown,169
Unknown,Unknown,United States,Maui,Unknown,Unknown,1767.5,1.5,4.5,0.0,Unknown,Unknown,"Lush landscapes, vibrant sunsets, and the gentle sound of ocean waves create an inviting and tranquil island atmosphere perfect for unwinding.",Unknown,0.1,Unknown,27486037-4990-4ad3-89a3-0d7cf6d3e065,oceania,20.8029568,156.31068331602177,Luxury,3.0,4.0,5.0,5.0,3.0,4.0,4.0,2.0,4.0,Unknown,Unknown,121.87,Unknown,4.55,4.5,Unknown,356
Unknown,Unknown,Uzbekistan,Khiva,Unknown,Unknown,1767.5,1.5,4.5,0.0,Unknown,Unknown,"Wander through ancient, sun-drenched streets surrounded by intricately carved minarets and walls, where history whispers from every corner and time feels suspended.",Unknown,0.1,Unknown,de902972-e11c-42e8-858a-a3bf3cca5af4,asia,41.3776893,60.3620006,Budget,5.0,2.0,3.0,1.0,2.0,3.0,2.0,2.0,4.0,Unknown,Unknown,121.87,Unknown,4.55,4.5,Unknown,531
Unknown,Unknown,Belize,Belize City,Unknown,Unknown,1767.5,1.5,4.5,0.0,Unknown,Unknown,"A vibrant mix of Caribbean charm and colonial history, with bustling markets, colorful streets, and the gentle sound of the sea nearby.",Unknown,0.1,Unknown,d827d6ed-6c6f-4ab0-b964-26a4defeedef,north_america,17.5002768,88.1988737,Mid-range,3.0,4.0,4.0,3.0,3.0,4.0,3.0,3.0,2.0,Unknown,Unknown,121.87,Unknown,4.55,4.5,Unknown,65
Unknown,Unknown,Zimbabwe,Harare,Unknown,Unknown,1767.5,1.5,4.5,0.0,Unknown,Unknown,"Vibrant streets filled with colorful markets, the scent of blooming jacarandas, and a lively atmosphere make every moment feel uniquely captivating.",Unknown,0.1,Unknown,e570ec15-1d11-49e6-8a55-1243633a8668,africa,17.8567035,31.0601584,Budget,3.0,3.0,4.0,1.0,2.0,3.0,2.0,3.0,3.0,Unknown,Unknown,121.87,Unknown,4.55,4.5,Unknown,519
Unknown,Unknown,Indonesia,Ubud,Unknown,Unknown,1767.5,1.5,4.5,0.0,Unknown,Unknown,"Lush rice terraces, serene temples, and a vibrant arts scene create a peaceful yet inspiring atmosphere perfect for rejuvenation and exploration.",Unknown,0.1,Unknown,60ee6bbb-54f1-495d-b0ce-8f6c4a73f6ab,asia,8.5068977,115.2622931,Budget,4.0,3.0,5.0,2.0,2.0,4.0,5.0,2.0,4.0,Unknown,Unknown,121.87,Unknown,4.55,4.5,Unknown,365
Unknown,Unknown,Uruguay,Punta del Este,Unknown,Unknown,1767.5,1.5,4.5,0.0,Unknown,Unknown,"Golden beaches meet vibrant nightlife, creating a lively yet laid-back atmosphere where ocean breezes, art, and music fill the air.",Unknown,0.1,Unknown,fae2433c-c914-436c-9b12-c733c2974ac8,south_america,34.9632342,54.9439981,Mid-range,3.0,3.0,3.0,5.0,5.0,4.0,3.0,4.0,2.0,Unknown,Unknown,121.87,Unknown,4.55,4.5,Unknown,284
Unknown,Unknown,Chile,Rapa Nui,Unknown,Unknown,1767.5,1.5,4.5,0.0,Unknown,Unknown,"Mystical landscapes dotted with iconic stone statues create a serene yet awe-inspiring atmosphere, perfect for those seeking a unique cultural experience.",Unknown,0.1,Unknown,9a1ce654-b167-4225-b87a-49d78a91ca0b,south_america,27.1259317,109.3495887,Luxury,5.0,3.0,4.0,3.0,2.0,3.0,2.0,1.0,5.0,Unknown,Unknown,121.87,Unknown,4.55,4.5,Unknown,387
Unknown,Unknown,Ireland,Cork,Unknown,Unknown,1767.5,1.5,4.5,0.0,Unknown,Unknown,"Charming streets lined with colorful shops and lively pubs create a welcoming vibe, while the nearby coast offers stunning natural beauty.",Unknown,0.1,Unknown,6ce8aa84-b119-4e84-aaec-fc4a2471cc9e,europe,51.8985136,8.4726423,Mid-range,4.0,3.0,4.0,2.0,3.0,4.0,3.0,3.0,3.0,Unknown,Unknown,121.87,Unknown,4.55,4.5,Unknown,181
Unknown,Unknown,Georgia,Batumi,Unknown,Unknown,1767.5,1.5,4.5,0.0,Unknown,Unknown,"A coastal city where lush green mountains meet the Black Sea, offering a blend of modern architecture and charming historic streets.",Unknown,0.1,Unknown,b6b694b6-df6b-4aa8-be96-478108285fba,asia,41.6509502,41.6360085,Budget,3.0,3.0,4.0,4.0,3.0,4.0,3.0,3.0,2.0,Unknown,Unknown,121.87,Unknown,4.55,4.5,Unknown,33
Unknown,Unknown,Russia,Vladivostok,Unknown,Unknown,1767.5,1.5,4.5,0.0,Unknown,Unknown,"Sweeping ocean views, bustling ports, and a mix of Russian and Asian influences create a dynamic and intriguing atmosphere.",Unknown,0.1,Unknown,d0a7fef1-2591-401c-adb2-50b1a432982f,asia,43.1150678,131.8855768,Mid-range,4.0,3.0,4.0,2.0,3.0,3.0,2.0,3.0,3.0,Unknown,Unknown,121.87,Unknown,4.55,4.5,Unknown,483
Unknown,Unknown,Russia,Murmansk,Unknown,Unknown,1767.5,1.5,4.5,0.0,Unknown,Unknown,"Cold winds sweep across the Arctic landscape, where northern lights dance in the sky and the stark beauty of nature feels otherworldly.",Unknown,0.1,Unknown,d908e2d3-b5f2-47d7-9cfc-836e69d13fcb,asia,68.970665,33.07497,Mid-range,3.0,3.0,4.0,1.0,2.0,2.0,2.0,3.0,4.0,Unknown,Unknown,121.87,Unknown,4.55,4.5,Unknown,230
Unknown,Unknown,Russia,Moscow,Unknown,Unknown,1767.5,1.5,4.5,0.0,Unknown,Unknown,"Grand architecture, vibrant streets, and a rich cultural tapestry create a dynamic atmosphere where history and modern life intertwine seamlessly.",Unknown,0.1,Unknown,5e7318b5-3cc9-462e-b9df-7c6f7bec1885,asia,55.625578,37.6063916,Mid-range,5.0,3.0,2.0,1.0,4.0,4.0,3.0,5.0,2.0,Unknown,Unknown,121.87,Unknown,4.55,4.5,Unknown,293
Unknown,Unknown,Russia,St Petersburg,Unknown,Unknown,1767.5,1.5,4.5,0.0,Unknown,Unknown,"Grand palaces and winding canals create an enchanting atmosphere, where every corner reveals rich history and artistic treasures.",Unknown,0.1,Unknown,4bea1fd4-279e-4e2b-a602-f408dbce9017,asia,59.9606739,30.1586551,Mid-range,5.0,2.0,3.0,1.0,4.0,4.0,3.0,5.0,2.0,Unknown,Unknown,121.87,Unknown,4.55,4.5,Unknown,294
Unknown,Unknown,Belize,Caye Caulker,Unknown,Unknown,1767.5,1.5,4.5,0.0,Unknown,Unknown,"Charming sandy streets, vibrant Caribbean colors, and a laid-back vibe invite you to unwind and soak up the island's easygoing atmosphere.",Unknown,0.1,Unknown,e10d6c97-8c49-40ca-a97e-231b750532aa,north_america,17.7395148,88.0336867,Budget,3.0,4.0,4.0,4.0,3.0,4.0,3.0,2.0,4.0,Unknown,Unknown,121.87,Unknown,4.55,4.5,Unknown,178
Unknown,Unknown,United States,Fort Lauderdale,Unknown,Unknown,1767.5,1.5,4.5,0.0,Unknown,Unknown,"Palm-lined beaches and vibrant nightlife create an inviting atmosphere, where the gentle ocean breeze and warm sun make relaxation effortless.",Unknown,0.1,Unknown,b4e893fc-27d3-47c4-be88-098db36c1cb7,north_america,26.1223084,80.1433786,Mid-range,3.0,3.0,3.0,5.0,4.0,4.0,4.0,4.0,2.0,Unknown,Unknown,121.87,Unknown,4.55,4.5,Unknown,410
Unknown,Unknown,United Arab Emirates,Abu Dhabi,Unknown,Unknown,1767.5,1.5,4.5,0.0,Unknown,Unknown,"Modern skyscrapers meet serene desert landscapes, offering a blend of luxury and tradition with vibrant souks and stunning coastal views.",Unknown,0.1,Unknown,0bd0743b-8e3c-49d4-8024-bd412f9732fa,middle_east,24.4538352,54.3774014,Luxury,4.0,3.0,3.0,4.0,3.0,4.0,4.0,5.0,2.0,Unknown,Unknown,121.87,Unknown,4.55,4.5,Unknown,385
Unknown,Unknown,Morocco,Casablanca,Unknown,Unknown,1767.5,1.5,4.5,0.0,Unknown,Unknown,"Vibrant markets, aromatic spices, and stunning architecture create an inviting atmosphere, blending modern energy with rich cultural heritage.",Unknown,0.1,Unknown,88216c54-79d7-4a01-92ed-307521f5e34a,africa,33.5945144,7.6200284,Budget,4.0,3.0,2.0,3.0,4.0,4.0,3.0,4.0,2.0,Unknown,Unknown,121.87,Unknown,4.55,4.5,Unknown,515
Unknown,Unknown,Morocco,Meknes,Unknown,Unknown,1767.5,1.5,4.5,0.0,Unknown,Unknown,Winding streets filled with the scent of spices and the sound of lively markets create a captivating and intimate experience.,Unknown,0.1,Unknown,06251f82-31e2-46f5-ab7d-63a93b3830eb,africa,33.8984131,5.5321582,Budget,4.0,2.0,3.0,1.0,2.0,4.0,3.0,3.0,3.0,Unknown,Unknown,121.87,Unknown,4.55,4.5,Unknown,569
Unknown,Unknown,Australia,Gold Coast,Unknown,Unknown,1767.5,1.5,4.5,0.0,Unknown,Unknown,"Endless beaches and vibrant nightlife create a lively yet laid-back vibe, with surfers and sun-seekers enjoying the warm, golden sands.",Unknown,0.1,Unknown,8ef45676-53bf-4907-8ea1-b70c49ee8898,oceania,28.0023731,153.4145987,Mid-range,3.0,4.0,4.0,5.0,4.0,4.0,3.0,4.0,2.0,Unknown,Unknown,121.87,Unknown,4.55,4.5,Unknown,260
Unknown,Unknown,Cook Islands,Rarotonga,Unknown,Unknown,1767.5,1.5,4.5,0.0,Unknown,Unknown,"Lush green mountains meet crystal-clear lagoons, offering a tranquil escape where the gentle rhythm of island life captivates your senses.",Unknown,0.1,Unknown,72912524-0a45-40a7-8e75-2f149be0b5e1,oceania,21.2368312,159.7774744,Mid-range,3.0,4.0,5.0,5.0,2.0,3.0,4.0,2.0,5.0,Unknown,Unknown,121.87,Unknown,4.55,4.5,Unknown,337
Unknown,Unknown,Tuvalu,Funafuti,Unknown,Unknown,1767.5,1.5,4.5,0.0,Unknown,Unknown,"Gentle sea breezes, vibrant sunsets, and the rhythmic sound of waves create a serene backdrop for a truly tranquil escape.",Unknown,0.1,Unknown,7b82951d-8bf9-40b7-8a4f-f7c6c33a7839,oceania,8.5199633,179.1982548,Luxury,2.0,2.0,3.0,4.0,1.0,2.0,2.0,1.0,5.0,Unknown,Unknown,121.87,Unknown,4.55,4.5,Unknown,274
Unknown,Unknown,Mexico,Playa del Carmen,Unknown,Unknown,1767.5,1.5,4.5,0.0,Unknown,Unknown,"Sun-drenched beaches, vibrant nightlife, and a laid-back vibe create an inviting atmosphere perfect for both adventure and relaxation.",Unknown,0.1,Unknown,495888ba-fda1-4ae8-9643-bf29a4d35783,north_america,20.6308643,87.0779503,Mid-range,3.0,4.0,4.0,5.0,4.0,4.0,4.0,3.0,2.0,Unknown,Unknown,121.87,Unknown,4.55,4.5,Unknown,460
Unknown,Unknown,Egypt,Sharm El Sheikh,Unknown,Unknown,1767.5,1.5,4.5,0.0,Unknown,Unknown,Crystal-clear waters and vibrant coral reefs invite you to explore a world of underwater wonders while sun-drenched beaches promise pure relaxation.,Unknown,0.1,Unknown,f71ebf76-ea24-4dab-b1c6-6cc7db2b1483,africa,27.8644422,34.295447,Mid-range,3.0,4.0,4.0,5.0,4.0,3.0,4.0,3.0,3.0,Unknown,Unknown,121.87,Unknown,4.55,4.5,Unknown,243
Unknown,Unknown,Australia,Ayers Rock,Unknown,Unknown,1767.5,1.5,4.5,0.0,Unknown,Unknown,"The vast, red desert landscape offers a profound sense of solitude, with breathtaking sunsets and the spiritual aura of ancient rock formations.",Unknown,0.1,Unknown,6565952d-672a-454a-9ca8-9734f890f4f8,oceania,25.3455545,131.0369615,Luxury,4.0,4.0,5.0,1.0,1.0,2.0,3.0,1.0,5.0,Unknown,Unknown,121.87,Unknown,4.55,4.5,Unknown,488
Unknown,Unknown,French Polynesia,Moorea,Unknown,Unknown,1767.5,1.5,4.5,0.0,Unknown,Unknown,"Lush green mountains meet turquoise lagoons, creating a serene paradise where gentle ocean breezes and vibrant coral reefs invite endless exploration.",Unknown,0.1,Unknown,6eadd02d-f32c-417c-bb80-d060574854dc,oceania,17.533306,149.8386006,Luxury,3.0,4.0,5.0,5.0,2.0,4.0,5.0,2.0,4.0,Unknown,Unknown,121.87,Unknown,4.55,4.5,Unknown,339
Unknown,Unknown,Austria,Salzburg,Unknown,Unknown,1767.5,1.5,4.5,0.0,Unknown,Unknown,"Charming cobblestone streets lead to stunning baroque architecture and cozy coffeehouses, creating a warm, inviting atmosphere that's both historic and lively.",Unknown,0.1,Unknown,79ef5aa6-228e-4206-b00a-c78d150de33f,europe,47.7981346,13.0464806,Mid-range,5.0,3.0,4.0,1.0,3.0,4.0,3.0,3.0,3.0,Unknown,Unknown,121.87,Unknown,4.55,4.5,Unknown,140
Unknown,Unknown,Italy,Turin,Unknown,Unknown,1767.5,1.5,4.5,0.0,Unknown,Unknown,"Strolling through elegant piazzas and baroque architecture, you'll feel the city's rich history and vibrant cultural scene come alive around you.",Unknown,0.1,Unknown,c0890bb0-1dc1-44ea-aaae-323f7eae6891,europe,45.0677551,7.6824892,Mid-range,5.0,2.0,3.0,1.0,3.0,4.0,3.0,4.0,2.0,Unknown,Unknown,121.87,Unknown,4.55,4.5,Unknown,451
Unknown,Unknown,Switzerland,Lugano,Unknown,Unknown,1767.5,1.5,4.5,0.0,Unknown,Unknown,"Nestled by a serene lake and surrounded by lush mountains, this charming spot offers a delightful blend of Swiss and Italian cultures.",Unknown,0.1,Unknown,7f89f78c-acd0-4474-ba0b-f5a3480265f7,europe,46.0050102,8.9520281,Luxury,3.0,3.0,5.0,2.0,3.0,4.0,4.0,3.0,4.0,Unknown,Unknown,121.87,Unknown,4.55,4.5,Unknown,399
Unknown,Unknown,Pakistan,Islamabad,Unknown,Unknown,1767.5,1.5,4.5,0.0,Unknown,Unknown,"Serene tree-lined streets, vibrant markets, and stunning views of the Margalla Hills offer a peaceful yet dynamic experience.",Unknown,0.1,Unknown,c2007531-2344-4045-bc8e-c7785475829f,asia,33.6938118,73.0651511,Mid-range,4.0,3.0,5.0,1.0,2.0,4.0,3.0,3.0,4.0,Unknown,Unknown,121.87,Unknown,4.55,4.5,Unknown,435
Unknown,Unknown,Brazil,Fortaleza,Unknown,Unknown,1767.5,1.5,4.5,0.0,Unknown,Unknown,"Golden beaches with rolling waves, bustling markets, and vibrant nightlife create an energetic blend of relaxation and excitement.",Unknown,0.1,Unknown,f887e88d-fece-4030-904c-244950c2fbcc,south_america,3.7304512,38.5217989,Mid-range,3.0,4.0,3.0,5.0,4.0,4.0,3.0,3.0,2.0,Unknown,Unknown,121.87,Unknown,4.55,4.5,Unknown,287
Unknown,Unknown,Chile,Antofagasta,Unknown,Unknown,1767.5,1.5,4.5,0.0,Unknown,Unknown,"A coastal city where the desert meets the sea, offering dramatic landscapes, vibrant sunsets, and a unique blend of tranquility and adventure.",Unknown,0.1,Unknown,a0ed4dcc-c815-4220-9b1b-c248ca8d7fbb,south_america,23.6463741,70.3980033,Mid-range,3.0,3.0,4.0,3.0,2.0,3.0,2.0,3.0,3.0,Unknown,Unknown,121.87,Unknown,4.55,4.5,Unknown,34
Unknown,Unknown,Argentina,Bariloche,Unknown,Unknown,1767.5,1.5,4.5,0.0,Unknown,Unknown,Lakeside vistas and snow-capped mountains create a serene backdrop for outdoor adventures and cozy evenings in charming alpine-style lodges.,Unknown,0.1,Unknown,28ca3ed6-f676-4afa-aee0-6e51a6d14664,south_america,41.1334781,71.3101474,Mid-range,3.0,5.0,5.0,2.0,3.0,4.0,3.0,3.0,4.0,Unknown,Unknown,121.87,Unknown,4.55,4.5,Unknown,315
Unknown,Unknown,Canada,Quebec City,Unknown,Unknown,1767.5,1.5,4.5,0.0,Unknown,Unknown,"Cobblestone streets and historic architecture create a charming old-world atmosphere, with lively festivals and cozy bistros offering a warm, inviting experience.",Unknown,0.1,Unknown,b27904ec-af5d-44aa-aa43-0b1a133d65af,north_america,46.8137431,71.2084061,Mid-range,5.0,3.0,4.0,2.0,3.0,4.0,3.0,4.0,3.0,Unknown,Unknown,121.87,Unknown,4.55,4.5,Unknown,209
Unknown,Unknown,United States,Zion National Park,Unknown,Unknown,1767.5,1.5,4.5,0.0,Unknown,Unknown,"Towering red rock cliffs and serene hiking trails offer a breathtaking escape into nature, where every turn reveals a stunning new vista.",Unknown,0.1,Unknown,4923888e-b4bc-45ef-a085-8d4d0b63e467,north_america,37.3247408,113.0048036,Mid-range,2.0,5.0,5.0,1.0,1.0,2.0,3.0,1.0,4.0,Unknown,Unknown,121.87,Unknown,4.55,4.5,Unknown,490
Unknown,Unknown,Vanuatu,Espiritu Santo,Unknown,Unknown,1767.5,1.5,4.5,0.0,Unknown,Unknown,"Lush rainforests, crystal-clear waters, and vibrant coral reefs create an idyllic setting for adventure and relaxation on this tropical island.",Unknown,0.1,Unknown,b2526d16-e196-4310-bfc1-11132b7609c4,oceania,15.1563411,167.0510705,Mid-range,3.0,4.0,5.0,5.0,2.0,3.0,3.0,1.0,4.0,Unknown,Unknown,121.87,Unknown,4.55,4.5,Unknown,361
Unknown,Unknown,Malaysia,Kota Kinabalu,Unknown,Unknown,1767.5,1.5,4.5,0.0,Unknown,Unknown,"Lush rainforests meet vibrant city life, offering a blend of natural wonders and cultural richness that invites exploration and adventure.",Unknown,0.1,Unknown,613265cd-5dfd-43b3-9488-b02ba5f760bb,asia,5.9780066,116.0728988,Mid-range,3.0,4.0,5.0,4.0,3.0,4.0,3.0,3.0,3.0,Unknown,Unknown,121.87,Unknown,4.55,4.5,Unknown,360
Unknown,Unknown,United States,Lake Tahoe,Unknown,Unknown,1767.5,1.5,4.5,0.0,Unknown,Unknown,"Pristine blue waters surrounded by towering pines and mountains create a serene escape, perfect for both adventure and relaxation in nature's embrace.",Unknown,0.1,Unknown,39cf77ac-c2a3-4cb1-ae25-c7cb07c122ea,north_america,39.0885405,120.0503528,Luxury,2.0,5.0,5.0,3.0,3.0,3.0,4.0,2.0,4.0,Unknown,Unknown,121.87,Unknown,4.55,4.5,Unknown,414
Unknown,Unknown,Turkey,Antalya,Unknown,Unknown,1767.5,1.5,4.5,0.0,Unknown,Unknown,"Sun-drenched beaches meet ancient ruins and bustling bazaars, offering a blend of relaxation and cultural exploration in a picturesque coastal setting.",Unknown,0.1,Unknown,cfa715d4-a4bc-4098-a4a0-4f1908b7d31e,asia,36.8865728,30.7030242,Mid-range,4.0,4.0,4.0,5.0,4.0,4.0,4.0,3.0,3.0,Unknown,Unknown,121.87,Unknown,4.55,4.5,Unknown,456
Unknown,Unknown,Turkey,Cappadocia,Unknown,Unknown,1767.5,1.5,4.5,0.0,Unknown,Unknown,"Imagine drifting over surreal landscapes in a hot air balloon, where ancient rock formations and vibrant valleys create an otherworldly experience.",Unknown,0.1,Unknown,12e3b524-020c-47b5-a2ca-cc91986cc068,asia,38.6386753,34.8457712,Mid-range,4.0,4.0,5.0,1.0,2.0,4.0,3.0,2.0,4.0,Unknown,Unknown,121.87,Unknown,4.55,4.5,Unknown,310
Unknown,Unknown,Tunisia,Sidi Bou Said,Unknown,Unknown,1767.5,1.5,4.5,0.0,Unknown,Unknown,"Whitewashed buildings with blue accents overlook the Mediterranean, offering a serene atmosphere filled with gentle sea breezes and vibrant local art.",Unknown,0.1,Unknown,f12ed1eb-9cc3-4130-857d-d0b44a884a24,africa,36.8710935,10.3490516,Budget,4.0,2.0,3.0,4.0,3.0,4.0,3.0,2.0,4.0,Unknown,Unknown,121.87,Unknown,4.55,4.5,Unknown,548
Unknown,Unknown,Iran,Tehran,Unknown,Unknown,1767.5,1.5,4.5,0.0,Unknown,Unknown,"Bustling bazaars and serene parks coexist with historic palaces and modern art scenes, offering a rich tapestry of culture and hospitality.",Unknown,0.1,Unknown,5901959f-3547-4310-a352-26b7bdc5c648,middle_east,35.6892523,51.3896004,Budget,5.0,3.0,3.0,1.0,3.0,4.0,3.0,4.0,2.0,Unknown,Unknown,121.87,Unknown,4.55,4.5,Unknown,89
Unknown,Unknown,Australia,Byron Bay,Unknown,Unknown,1767.5,1.5,4.5,0.0,Unknown,Unknown,"A laid-back coastal vibe with stunning beaches, vibrant markets, and lush hinterlands offering a perfect blend of relaxation and adventure.",Unknown,0.1,Unknown,4c39d806-80b5-4c17-8d65-d669932c6b0a,oceania,28.6483333,153.6177778,Mid-range,3.0,4.0,5.0,5.0,3.0,4.0,5.0,2.0,3.0,Unknown,Unknown,121.87,Unknown,4.55,4.5,Unknown,41
Unknown,Unknown,Australia,Port Douglas,Unknown,Unknown,1767.5,1.5,4.5,0.0,Unknown,Unknown,"Tropical breezes, lush rainforests, and the vibrant coral of the Great Barrier Reef create a serene paradise perfect for unwinding and adventure.",Unknown,0.1,Unknown,0ac79b0b-52e2-4a82-81f8-7037b479abd8,oceania,16.4845983,145.4636294,Luxury,3.0,4.0,5.0,5.0,2.0,4.0,4.0,2.0,4.0,Unknown,Unknown,121.87,Unknown,4.55,4.5,Unknown,503
Unknown,Unknown,French Polynesia,Tahiti,Unknown,Unknown,1767.5,1.5,4.5,0.0,Unknown,Unknown,"Lush landscapes and tranquil lagoons invite a sense of serenity, where vibrant markets and local flavors add a touch of island warmth.",Unknown,0.1,Unknown,cfeb4496-538e-484f-9916-e9b72c6ceb5b,oceania,17.6873439,149.4451681,Luxury,3.0,4.0,5.0,5.0,2.0,4.0,5.0,2.0,5.0,Unknown,Unknown,121.87,Unknown,4.55,4.5,Unknown,351
Unknown,Unknown,Bolivia,Santa Cruz de la Sierra,Unknown,Unknown,1767.5,1.5,4.5,0.0,Unknown,Unknown,"A bustling city with vibrant markets, lush parks, and a warm tropical climate that invites you to explore its lively streets and local flavors.",Unknown,0.1,Unknown,7b55c1af-cb3c-4d98-a0f4-1d25b46169f0,south_america,17.7834217,63.1820853,Budget,3.0,3.0,4.0,1.0,3.0,3.0,3.0,3.0,3.0,Unknown,Unknown,121.87,Unknown,4.55,4.5,Unknown,12
Unknown,Unknown,Jamaica,Montego Bay,Unknown,Unknown,1767.5,1.5,4.5,0.0,Unknown,Unknown,"Golden beaches meet turquoise waters, creating a laid-back vibe where reggae rhythms and the scent of jerk spices fill the air.",Unknown,0.1,Unknown,a9269258-bf5e-4a33-9c09-808b6c94e613,north_america,18.4724603,77.9217357,Mid-range,3.0,4.0,4.0,5.0,4.0,4.0,3.0,3.0,3.0,Unknown,Unknown,121.87,Unknown,4.55,4.5,Unknown,281
Unknown,Unknown,Mexico,Acapulco,Unknown,Unknown,1767.5,1.5,4.5,0.0,Unknown,Unknown,"Golden beaches meet vibrant nightlife, where the sound of crashing waves and lively music create an atmosphere that's both thrilling and laid-back.",Unknown,0.1,Unknown,a62cc361-2d5d-4e24-b6f1-92cb764c348b,north_america,16.8680495,99.8940182,Mid-range,3.0,4.0,3.0,4.0,4.0,4.0,3.0,3.0,2.0,Unknown,Unknown,121.87,Unknown,4.55,4.5,Unknown,285
Unknown,Unknown,Costa Rica,Manuel Antonio National Park,Unknown,Unknown,1767.5,1.5,4.5,0.0,Unknown,Unknown,"Lush rainforests meet sandy beaches under a vibrant sun, where playful monkeys and colorful birds create an enchanting, tropical experience.",Unknown,0.1,Unknown,c088e9eb-7dff-40bb-99a9-167f3f1e41c1,north_america,9.3701476,84.1520793,Mid-range,2.0,4.0,5.0,5.0,2.0,3.0,3.0,1.0,4.0,Unknown,Unknown,121.87,Unknown,4.55,4.5,Unknown,359
Unknown,Unknown,Kuwait,Kuwait City,Unknown,Unknown,1767.5,1.5,4.5,0.0,Unknown,Unknown,"A modern skyline meets traditional souks, where the aroma of spices and the warmth of the desert sun create an inviting atmosphere.",Unknown,0.1,Unknown,443799ea-fcbb-4e6d-93f4-a93b566fabeb,middle_east,29.3796532,47.9734174,Luxury,3.0,2.0,2.0,3.0,3.0,4.0,3.0,4.0,2.0,Unknown,Unknown,121.87,Unknown,4.55,4.5,Unknown,51
Unknown,Unknown,Australia,Uluru,Unknown,Unknown,1767.5,1.5,4.5,0.0,Unknown,Unknown,"The vast, red desert landscape is both humbling and awe-inspiring, with sunsets casting a magical glow over the ancient rock formations.",Unknown,0.1,Unknown,1eff31fe-7c4b-4c44-8903-21af5c9cee6f,oceania,25.3455545,131.0369615,Luxury,4.0,4.0,5.0,1.0,1.0,3.0,3.0,1.0,5.0,Unknown,Unknown,121.87,Unknown,4.55,4.5,Unknown,487
Unknown,Unknown,Fiji,Lautoka,Unknown,Unknown,1767.5,1.5,4.5,0.0,Unknown,Unknown,"A vibrant port city where the aroma of sugarcane wafts through the air, blending with the lively sounds of bustling markets.",Unknown,0.1,Unknown,c1faff29-53b8-40cb-bff9-7a61b80ca761,oceania,17.6043956,177.4530138,Mid-range,3.0,4.0,4.0,4.0,2.0,3.0,4.0,2.0,4.0,Unknown,Unknown,121.87,Unknown,4.55,4.5,Unknown,69
Unknown,Unknown,Fiji,Nadi,Unknown,Unknown,1767.5,1.5,4.5,0.0,Unknown,Unknown,"Tropical breezes and vibrant markets greet you, where lush greenery meets sandy beaches, creating a laid-back yet lively atmosphere.",Unknown,0.1,Unknown,62d37ff4-2fe7-478b-80f1-e3295093b971,oceania,17.7992725,177.4178549,Mid-range,3.0,4.0,5.0,5.0,3.0,3.0,4.0,2.0,4.0,Unknown,Unknown,121.87,Unknown,4.55,4.5,Unknown,500
Unknown,Unknown,Switzerland,Lausanne,Unknown,Unknown,1767.5,1.5,4.5,0.0,Unknown,Unknown,"Nestled by the lake, this city charms with its blend of historic architecture, vibrant cultural scene, and stunning alpine views.",Unknown,0.1,Unknown,19a99c6a-6928-45e1-a301-8641c574de20,europe,46.5218269,6.6327025,Luxury,4.0,3.0,4.0,1.0,3.0,4.0,4.0,4.0,3.0,Unknown,Unknown,121.87,Unknown,4.55,4.5,Unknown,403
Unknown,Unknown,Portugal,Vilamoura,Unknown,Unknown,1767.5,1.5,4.5,0.0,Unknown,Unknown,"Sun-drenched marina views, vibrant nightlife, and golden beaches create a lively yet relaxed atmosphere perfect for unwinding and enjoying coastal charm.",Unknown,0.1,Unknown,8a08d8b4-53f9-4662-a275-cf3d38a4bccc,europe,37.0759505,8.1165401,Mid-range,3.0,3.0,4.0,5.0,4.0,4.0,4.0,3.0,3.0,Unknown,Unknown,121.87,Unknown,4.55,4.5,Unknown,467
Unknown,Unknown,Germany,Cologne,Unknown,Unknown,1767.5,1.5,4.5,0.0,Unknown,Unknown,"Charming cobblestone streets, the majestic cathedral, and lively beer halls create a welcoming atmosphere filled with history and vibrant local culture.",Unknown,0.1,Unknown,1c6eef16-2336-40a1-831c-7f079f7f8699,europe,50.938361,6.959974,Mid-range,4.0,2.0,3.0,1.0,4.0,4.0,3.0,4.0,2.0,Unknown,Unknown,121.87,Unknown,4.55,4.5,Unknown,159
Unknown,Unknown,Italy,Pisa,Unknown,Unknown,1767.5,1.5,4.5,0.0,Unknown,Unknown,"Charming narrow streets open up to sunlit squares, with the aroma of fresh pasta and the sound of church bells filling the air.",Unknown,0.1,Unknown,b4e07312-dd97-45dd-9ed0-53654f6e5056,europe,43.4714722,10.6797912,Mid-range,4.0,2.0,3.0,2.0,3.0,4.0,3.0,3.0,2.0,Unknown,Unknown,121.87,Unknown,4.55,4.5,Unknown,175
Unknown,Unknown,Sri Lanka,Kandy,Unknown,Unknown,1767.5,1.5,4.5,0.0,Unknown,Unknown,"Lush hills, serene lakes, and the scent of temple incense create a tranquil atmosphere that's both spiritually uplifting and visually stunning.",Unknown,0.1,Unknown,eddbf22e-af63-4a95-a7ff-3dd8545f9e2e,asia,7.2931208,80.6350358,Budget,5.0,3.0,4.0,1.0,2.0,4.0,3.0,3.0,3.0,Unknown,Unknown,121.87,Unknown,4.55,4.5,Unknown,347
Unknown,Unknown,Myanmar,Yangon,Unknown,Unknown,1767.5,1.5,4.5,0.0,Unknown,Unknown,"Bustling streets filled with vibrant markets, golden pagodas glistening in the sun, and the warm smiles of locals create a welcoming energy.",Unknown,0.1,Unknown,cc8ddc39-c410-4a92-aefc-09cfee5dbc79,asia,16.7967129,96.1609916,Budget,4.0,3.0,3.0,1.0,2.0,4.0,3.0,3.0,2.0,Unknown,Unknown,121.87,Unknown,4.55,4.5,Unknown,112
Unknown,Unknown,Peru,Lima,Unknown,Unknown,1767.5,1.5,4.5,0.0,Unknown,Unknown,"A lively blend of colonial charm and vibrant modernity, with bustling markets, ocean views, and the tantalizing aroma of street food.",Unknown,0.1,Unknown,15583c28-1e8a-46d5-b4c2-342b99cdb091,south_america,12.0621065,77.0365256,Mid-range,5.0,3.0,3.0,2.0,4.0,5.0,3.0,4.0,2.0,Unknown,Unknown,121.87,Unknown,4.55,4.5,Unknown,43
Unknown,Unknown,Argentina,Iguazu Falls,Unknown,Unknown,1767.5,1.5,4.5,0.0,Unknown,Unknown,The thunderous roar of cascading water and the lush embrace of the surrounding rainforest create an awe-inspiring natural spectacle.,Unknown,0.1,Unknown,676ac4da-c47a-4027-bc2e-8794a836fcf6,south_america,25.6925324,54.4411144,Mid-range,3.0,5.0,5.0,1.0,2.0,3.0,3.0,2.0,4.0,Unknown,Unknown,121.87,Unknown,4.55,4.5,Unknown,486
Unknown,Unknown,Colombia,Santa Marta,Unknown,Unknown,1767.5,1.5,4.5,0.0,Unknown,Unknown,"Golden beaches meet lush mountains, creating a laid-back vibe where you can savor fresh seafood and vibrant sunsets by the sea.",Unknown,0.1,Unknown,40236b15-2f9a-482a-8454-72ebd9dfed1b,south_america,11.2320944,74.1950916,Budget,4.0,4.0,5.0,4.0,3.0,4.0,3.0,3.0,4.0,Unknown,Unknown,121.87,Unknown,4.55,4.5,Unknown,277
Unknown,Unknown,Colombia,Cali,Unknown,Unknown,1767.5,1.5,4.5,0.0,Unknown,Unknown,"Lively streets filled with salsa rhythms, vibrant street art, and the aroma of empanadas create an infectious energy that's hard to resist.",Unknown,0.1,Unknown,61367a40-b3c0-49c2-8f41-7d0b15056f03,south_america,3.4519988,76.5325259,Budget,4.0,3.0,3.0,2.0,5.0,4.0,3.0,3.0,2.0,Unknown,Unknown,121.87,Unknown,4.55,4.5,Unknown,325
Unknown,Unknown,Mexico,Cancun,Unknown,Unknown,1767.5,1.5,4.5,0.0,Unknown,Unknown,"Powdery white sand beaches, turquoise waters, and lively nightlife create a vibrant atmosphere perfect for both relaxation and adventure.",Unknown,0.1,Unknown,2e1f1b6c-cf05-4393-b747-151592f27e7a,north_america,21.1527467,86.8425761,Mid-range,3.0,4.0,3.0,5.0,5.0,4.0,4.0,3.0,2.0,Unknown,Unknown,121.87,Unknown,4.55,4.5,Unknown,412
Unknown,Unknown,United States,San Antonio,Unknown,Unknown,1767.5,1.5,4.5,0.0,Unknown,Unknown,Historic missions and lively riverside pathways invite you to wander through a city rich with cultural charm and Texan hospitality.,Unknown,0.1,Unknown,917e3c0b-4f5f-4333-b873-ccd8836da874,north_america,29.4246002,98.4951405,Mid-range,4.0,3.0,3.0,1.0,3.0,4.0,3.0,4.0,2.0,Unknown,Unknown,121.87,Unknown,4.55,4.5,Unknown,300
Unknown,Unknown,Spain,Malaga,Unknown,Unknown,1767.5,1.5,4.5,0.0,Unknown,Unknown,"Sun-drenched beaches, vibrant tapas bars, and historic architecture create a lively yet relaxed atmosphere that invites leisurely exploration and indulgence.",Unknown,0.1,Unknown,87be4d07-b23b-4477-a76e-a6649b328789,europe,36.7213028,4.4216366,Mid-range,4.0,3.0,3.0,4.0,4.0,4.0,3.0,4.0,2.0,Unknown,Unknown,121.87,Unknown,4.55,4.5,Unknown,461
Unknown,Unknown,Colombia,Medellín,Unknown,Unknown,1767.5,1.5,4.5,0.0,Unknown,Unknown,"Lush green hills surround a vibrant city buzzing with music, art, and the warmth of its welcoming people, offering endless exploration.",Unknown,0.1,Unknown,a0200fc5-19ef-4717-9121-04e93ef60ae9,south_america,6.2697324,75.6025597,Mid-range,4.0,4.0,3.0,1.0,4.0,4.0,3.0,4.0,2.0,Unknown,Unknown,121.87,Unknown,4.55,4.5,Unknown,332
Unknown,Unknown,Austria,Linz,Unknown,Unknown,1767.5,1.5,4.5,0.0,Unknown,Unknown,"A blend of historic charm and modern innovation, with riverside walks, vibrant arts scenes, and a welcoming atmosphere that invites exploration.",Unknown,0.1,Unknown,5d00db66-5d2c-450b-be1d-9c9bde506ac0,europe,48.3059078,14.286198,Mid-range,4.0,2.0,3.0,1.0,3.0,3.0,3.0,4.0,2.0,Unknown,Unknown,121.87,Unknown,4.55,4.5,Unknown,2
Unknown,Unknown,Germany,Leipzig,Unknown,Unknown,1767.5,1.5,4.5,0.0,Unknown,Unknown,"Charming cobblestone streets, vibrant arts scene, and lively music venues create a welcoming vibe that's both culturally rich and refreshingly laid-back.",Unknown,0.1,Unknown,ae4f0783-8381-40aa-a59f-21ac90f3ac43,europe,51.3406321,12.3747329,Mid-range,4.0,2.0,3.0,1.0,4.0,4.0,3.0,4.0,2.0,Unknown,Unknown,121.87,Unknown,4.55,4.5,Unknown,161
Unknown,Unknown,Vietnam,Hue,Unknown,Unknown,1767.5,1.5,4.5,0.0,Unknown,Unknown,"Ancient temples and serene riverside views offer a peaceful escape, with fragrant street food and friendly locals adding to the charm.",Unknown,0.1,Unknown,63063324-d84d-44b2-9329-8f80e881d2db,asia,16.4639321,107.5863388,Budget,5.0,3.0,3.0,2.0,2.0,4.0,3.0,3.0,4.0,Unknown,Unknown,121.87,Unknown,4.55,4.5,Unknown,79
Unknown,Unknown,Portugal,Braga,Unknown,Unknown,1767.5,1.5,4.5,0.0,Unknown,Unknown,"Charming cobblestone streets and ancient churches create a serene atmosphere, while lively squares and local eateries offer a warm, welcoming experience.",Unknown,0.1,Unknown,e404bce8-ac29-4a27-bc11-a6e677c79ae9,europe,41.5510583,8.4280045,Mid-range,4.0,2.0,3.0,2.0,3.0,4.0,3.0,3.0,3.0,Unknown,Unknown,121.87,Unknown,4.55,4.5,Unknown,128
Unknown,Unknown,Vietnam,Ha Long,Unknown,Unknown,1767.5,1.5,4.5,0.0,Unknown,Unknown,"Misty limestone karsts rise dramatically from emerald waters, creating a serene and mystical atmosphere perfect for peaceful exploration and reflection.",Unknown,0.1,Unknown,7cca7133-fa5c-4ef8-bf83-f9a9221130cb,asia,20.9528365,107.0800003,Budget,3.0,4.0,5.0,3.0,2.0,4.0,3.0,2.0,4.0,Unknown,Unknown,121.87,Unknown,4.55,4.5,Unknown,379
Unknown,Unknown,Brazil,Manaus,Unknown,Unknown,1767.5,1.5,4.5,0.0,Unknown,Unknown,"A bustling gateway to the Amazon, where vibrant markets, lush rainforests, and the confluence of rivers create a unique sensory adventure.",Unknown,0.1,Unknown,7501d127-18a5-4b9a-8b57-c171d707d2d8,south_america,3.1316333,59.9825041,Mid-range,4.0,4.0,5.0,2.0,3.0,4.0,3.0,3.0,4.0,Unknown,Unknown,121.87,Unknown,4.55,4.5,Unknown,14
Unknown,Unknown,Colombia,San Andrés,Unknown,Unknown,1767.5,1.5,4.5,0.0,Unknown,Unknown,"Turquoise waters, vibrant coral reefs, and a laid-back island vibe invite you to unwind and enjoy the sun-drenched beaches and local culture.",Unknown,0.1,Unknown,7517208d-21a3-426b-9489-798ff1e26967,south_america,12.5375979,81.7204155,Mid-range,2.0,4.0,4.0,5.0,3.0,3.0,3.0,2.0,4.0,Unknown,Unknown,121.87,Unknown,4.55,4.5,Unknown,511
Unknown,Unknown,Brazil,Búzios,Unknown,Unknown,1767.5,1.5,4.5,0.0,Unknown,Unknown,Charming cobblestone streets lined with vibrant boutiques and cozy beachside bars create a laid-back vibe perfect for unwinding and soaking up the sun.,Unknown,0.1,Unknown,51be0fb4-70bd-42c9-90d2-1f3d18ac005c,south_america,22.7597805,41.8875267,Mid-range,3.0,4.0,4.0,5.0,4.0,4.0,3.0,2.0,3.0,Unknown,Unknown,121.87,Unknown,4.55,4.5,Unknown,145
Unknown,Unknown,Brazil,Florianópolis,Unknown,Unknown,1767.5,1.5,4.5,0.0,Unknown,Unknown,"A blend of vibrant beaches, lush greenery, and lively markets creates a laid-back yet energetic vibe perfect for unwinding and exploring.",Unknown,0.1,Unknown,7aed9c1b-6faa-4177-aea9-2c32c6ca34f9,south_america,27.5973002,48.5496098,Mid-range,3.0,4.0,5.0,5.0,4.0,4.0,3.0,4.0,3.0,Unknown,Unknown,121.87,Unknown,4.55,4.5,Unknown,10
Unknown,Unknown,Argentina,San Carlos de Bariloche,Unknown,Unknown,1767.5,1.5,4.5,0.0,Unknown,Unknown,"Nestled in the Andes, this destination offers stunning lake views, cozy alpine-style chalets, and a sense of tranquility amidst breathtaking natural beauty.",Unknown,0.1,Unknown,5407caa2-9db7-4bcb-af71-00b5f8146bf0,south_america,41.1334781,71.3101474,Mid-range,3.0,5.0,5.0,2.0,3.0,4.0,3.0,3.0,4.0,Unknown,Unknown,121.87,Unknown,4.55,4.5,Unknown,405
Unknown,Unknown,Canada,Niagara Falls,Unknown,Unknown,1767.5,1.5,4.5,0.0,Unknown,Unknown,"Roaring waters cascade with breathtaking power, mist hangs in the air, and the vibrant energy of nature leaves you in awe.",Unknown,0.1,Unknown,2dddf603-1db5-4f2f-a38b-0ca221a2c029,north_america,43.1065603,79.0639039,Mid-range,3.0,4.0,5.0,2.0,3.0,3.0,3.0,3.0,2.0,Unknown,Unknown,121.87,Unknown,4.55,4.5,Unknown,423
Unknown,Unknown,Australia,Darwin,Unknown,Unknown,1767.5,1.5,4.5,0.0,Unknown,Unknown,"A vibrant blend of tropical climate, diverse wildlife, and rich Indigenous culture creates an inviting and adventurous atmosphere for exploration and discovery.",Unknown,0.1,Unknown,dbd636c4-9ea8-484d-8c03-ddd4afbef234,oceania,12.46044,130.8410469,Mid-range,3.0,4.0,4.0,3.0,3.0,3.0,3.0,3.0,3.0,Unknown,Unknown,121.87,Unknown,4.55,4.5,Unknown,62
Unknown,Unknown,Australia,Great Barrier Reef,Unknown,Unknown,1767.5,1.5,4.5,0.0,Unknown,Unknown,Crystal-clear waters teeming with vibrant marine life and coral formations create a mesmerizing underwater world perfect for exploration and awe.,Unknown,0.1,Unknown,4275d73f-3ab5-4d42-a0ec-d960af797dbd,oceania,16.35,145.9,Luxury,2.0,5.0,5.0,5.0,2.0,3.0,3.0,1.0,4.0,Unknown,Unknown,121.87,Unknown,4.55,4.5,Unknown,246
Unknown,Unknown,Peru,Machu Picchu,Unknown,Unknown,1767.5,1.5,4.5,0.0,Unknown,Unknown,"Misty mountain peaks and ancient stone terraces create a mystical atmosphere, inviting you to explore and connect with history and nature.",Unknown,0.1,Unknown,c6d2af39-1f3d-414e-a3fd-bfb3046ed797,south_america,13.164422,72.5450851,Luxury,5.0,5.0,5.0,1.0,1.0,3.0,2.0,1.0,4.0,Unknown,Unknown,121.87,Unknown,4.55,4.5,Unknown,382
Unknown,Unknown,Belgium,Antwerp,Unknown,Unknown,1767.5,1.5,4.5,0.0,Unknown,Unknown,"Cobblestone streets lined with historic buildings, vibrant art scenes, and bustling markets create a lively yet charmingly intimate atmosphere.",Unknown,0.1,Unknown,f8f7bb79-2b58-449d-80db-aec499bb2f24,europe,51.2211097,4.3997081,Mid-range,4.0,2.0,2.0,1.0,4.0,4.0,3.0,4.0,2.0,Unknown,Unknown,121.87,Unknown,4.55,4.5,Unknown,222
Unknown,Unknown,Germany,Nuremberg,Unknown,Unknown,1767.5,1.5,4.5,0.0,Unknown,Unknown,"Charming medieval streets, vibrant markets, and a rich history offer a delightful blend of old-world charm and modern vibrancy.",Unknown,0.1,Unknown,b896db96-451a-4b69-aa09-60c677573869,europe,49.453872,11.077298,Mid-range,4.0,2.0,3.0,1.0,3.0,4.0,3.0,4.0,2.0,Unknown,Unknown,121.87,Unknown,4.55,4.5,Unknown,174
Unknown,Unknown,Portugal,Funchal,Unknown,Unknown,1767.5,1.5,4.5,0.0,Unknown,Unknown,"Charming cobblestone streets lined with vibrant flowers, ocean breezes, and the aroma of local cuisine create a welcoming and relaxed atmosphere.",Unknown,0.1,Unknown,9df51067-3c5a-43b1-adad-bcd6778f096c,europe,32.6496497,16.9086783,Mid-range,4.0,3.0,5.0,3.0,3.0,4.0,4.0,3.0,4.0,Unknown,Unknown,121.87,Unknown,4.55,4.5,Unknown,146
Unknown,Unknown,Sri Lanka,Nuwara Eliya,Unknown,Unknown,1767.5,1.5,4.5,0.0,Unknown,Unknown,"Mist-covered hills and lush tea plantations create a cool, serene atmosphere, perfect for unwinding and soaking in nature's beauty.",Unknown,0.1,Unknown,7a9eddac-e034-48ef-9bfd-6c22872b0b9f,asia,7.012402,80.7571612,Budget,3.0,3.0,5.0,1.0,2.0,3.0,4.0,2.0,4.0,Unknown,Unknown,121.87,Unknown,4.55,4.5,Unknown,376
Unknown,Unknown,Myanmar,Naypyidaw,Unknown,Unknown,1767.5,1.5,4.5,0.0,Unknown,Unknown,"Wide, quiet streets and sprawling landscapes create a serene atmosphere, offering a unique glimpse into a city designed for calm exploration.",Unknown,0.1,Unknown,721438aa-e640-4fea-a704-7c336b9e6994,asia,19.7753289,96.1032552,Budget,2.0,2.0,3.0,1.0,1.0,2.0,2.0,2.0,4.0,Unknown,Unknown,121.87,Unknown,4.55,4.5,Unknown,555
Unknown,Unknown,Argentina,Rosario,Unknown,Unknown,1767.5,1.5,4.5,0.0,Unknown,Unknown,"Riverfront parks, lively streets, and a mix of modern and historic architecture create a welcoming atmosphere that's both vibrant and laid-back.",Unknown,0.1,Unknown,b899c1cb-9a0f-4ee5-bf79-dcb5eef9f5ef,south_america,32.9593609,60.6617024,Mid-range,4.0,3.0,3.0,2.0,4.0,4.0,3.0,4.0,2.0,Unknown,Unknown,121.87,Unknown,4.55,4.5,Unknown,421
Unknown,Unknown,Peru,Nazca,Unknown,Unknown,1767.5,1.5,4.5,0.0,Unknown,Unknown,"Endless desert landscapes meet ancient mysteries, with a quiet charm that invites you to explore its enigmatic lines and vibrant local culture.",Unknown,0.1,Unknown,bf26a0cb-e3b3-4849-89a3-619fff9c5cec,south_america,14.8277203,74.9370624,Budget,4.0,3.0,3.0,1.0,2.0,3.0,2.0,2.0,4.0,Unknown,Unknown,121.87,Unknown,4.55,4.5,Unknown,261
Unknown,Unknown,Mexico,Los Cabos,Unknown,Unknown,1767.5,1.5,4.5,0.0,Unknown,Unknown,"Golden beaches meet the azure sea, with vibrant nightlife and serene desert landscapes offering a captivating blend of relaxation and adventure.",Unknown,0.1,Unknown,969d48bd-820e-41da-baef-370028e33139,north_america,21.166121,100.936442,Mid-range,3.0,4.0,4.0,5.0,4.0,4.0,4.0,3.0,3.0,Unknown,Unknown,121.87,Unknown,4.55,4.5,Unknown,278
Unknown,Unknown,United States,Charleston,Unknown,Unknown,1767.5,1.5,4.5,0.0,Unknown,Unknown,"Charming cobblestone streets lined with historic homes, the scent of saltwater in the air, and a welcoming Southern hospitality create a warm atmosphere.",Unknown,0.1,Unknown,25a78dc9-fc62-41fb-95db-b2557dacf493,north_america,32.7884363,79.9399309,Mid-range,4.0,3.0,3.0,3.0,3.0,5.0,3.0,3.0,3.0,Unknown,Unknown,121.87,Unknown,4.55,4.5,Unknown,143
Unknown,Unknown,Mexico,Cozumel,Unknown,Unknown,1767.5,1.5,4.5,0.0,Unknown,Unknown,"Crystal-clear waters, lively coral reefs, and gentle ocean breezes create a serene paradise perfect for snorkeling, diving, and unwinding by the beach.",Unknown,0.1,Unknown,f995d5c0-49d2-495e-890e-c6aa0eda12d6,north_america,20.4320599,86.9206906,Mid-range,3.0,4.0,4.0,5.0,3.0,4.0,3.0,2.0,4.0,Unknown,Unknown,121.87,Unknown,4.55,4.5,Unknown,248
Unknown,Unknown,France,Lille,Unknown,Unknown,1767.5,1.5,4.5,0.0,Unknown,Unknown,"Charming cobblestone streets, vibrant squares, and a mix of Flemish and French influences create a welcoming atmosphere full of character and warmth.",Unknown,0.1,Unknown,9e8b73c7-88c3-44f5-ba9c-9f38389e0a27,europe,50.6365654,3.0635282,Mid-range,4.0,2.0,2.0,1.0,3.0,4.0,3.0,4.0,2.0,Unknown,Unknown,121.87,Unknown,4.55,4.5,Unknown,167
Unknown,Unknown,Chile,Arica,Unknown,Unknown,1767.5,1.5,4.5,0.0,Unknown,Unknown,"Sun-drenched coastal vibes mix with desert landscapes, offering a unique blend of serene beaches and captivating cultural history.",Unknown,0.1,Unknown,f5d28e62-c1af-48f7-b421-abfc658ec04a,south_america,18.4785288,70.3211394,Budget,3.0,4.0,4.0,4.0,3.0,3.0,3.0,2.0,4.0,Unknown,Unknown,121.87,Unknown,4.55,4.5,Unknown,463
Unknown,Unknown,Croatia,Plitvice Lakes,Unknown,Unknown,1767.5,1.5,4.5,0.0,Unknown,Unknown,"Wandering through lush forests and cascading waterfalls, you'll feel a serene connection with nature, surrounded by vibrant turquoise lakes and tranquil pathways.",Unknown,0.1,Unknown,46c37e19-a316-4859-af1f-ceeb0405c996,europe,44.8523012,15.590349,Mid-range,2.0,4.0,5.0,1.0,1.0,3.0,3.0,1.0,4.0,Unknown,Unknown,121.87,Unknown,4.55,4.5,Unknown,541
Unknown,Unknown,New Zealand,Taupo,Unknown,Unknown,1767.5,1.5,4.5,0.0,Unknown,Unknown,"Nestled by a sparkling lake and surrounded by geothermal wonders, this place offers a serene escape with stunning natural beauty and adventure.",Unknown,0.1,Unknown,be2239a3-3b9f-4d90-bc3a-895bb5bb716c,oceania,38.6866197,176.0694773,Mid-range,3.0,5.0,5.0,2.0,3.0,3.0,4.0,2.0,4.0,Unknown,Unknown,121.87,Unknown,4.55,4.5,Unknown,401
Unknown,Unknown,United States,Yellowstone National Park,Unknown,Unknown,1767.5,1.5,4.5,0.0,Unknown,Unknown,"Expansive landscapes filled with geysers, hot springs, and diverse wildlife create an awe-inspiring experience of natural beauty and tranquility.",Unknown,0.1,Unknown,44aaa492-d7a7-43bb-a9bf-4f0ecc209def,north_america,44.6200885,110.5606893,Mid-range,2.0,5.0,5.0,1.0,1.0,2.0,3.0,1.0,5.0,Unknown,Unknown,121.87,Unknown,4.55,4.5,Unknown,268
Unknown,Unknown,United States,Key West,Unknown,Unknown,1767.5,1.5,4.5,0.0,Unknown,Unknown,"Sun-drenched streets with a laid-back vibe, vibrant art scenes, and ocean breezes create a carefree, tropical escape full of charm.",Unknown,0.1,Unknown,ba3d2dcb-3018-423f-8ede-9d98932aaf84,north_america,24.5548262,81.8020722,Luxury,3.0,4.0,4.0,5.0,4.0,4.0,3.0,3.0,3.0,Unknown,Unknown,121.87,Unknown,4.55,4.5,Unknown,473
Unknown,Unknown,New Zealand,Dunedin,Unknown,Unknown,1767.5,1.5,4.5,0.0,Unknown,Unknown,"Charming streets lined with historic architecture and lush greenery create a peaceful atmosphere, inviting leisurely strolls and moments of quiet reflection.",Unknown,0.1,Unknown,7896af24-7851-4897-875f-8cc5a6b0db3d,oceania,45.8740984,170.5035755,Mid-range,4.0,3.0,4.0,3.0,3.0,3.0,3.0,3.0,4.0,Unknown,Unknown,121.87,Unknown,4.55,4.5,Unknown,187
Unknown,Unknown,Australia,Kangaroo Island,Unknown,Unknown,1767.5,1.5,4.5,0.0,Unknown,Unknown,"Wild landscapes and pristine beaches create a serene escape, where you can encounter unique wildlife and feel truly connected to nature.",Unknown,0.1,Unknown,9a10528e-3c25-4940-87d2-8128bf30ebf6,oceania,35.8182635,137.1566125,Mid-range,3.0,4.0,5.0,4.0,2.0,3.0,3.0,1.0,5.0,Unknown,Unknown,121.87,Unknown,4.55,4.5,Unknown,557
Unknown,Unknown,New Zealand,Bay of Islands,Unknown,Unknown,1767.5,1.5,4.5,0.0,Unknown,Unknown,"Lush green islands dotting azure waters, where dolphins play and sunsets paint the sky, create a serene escape from the everyday.",Unknown,0.1,Unknown,a1214554-4336-4df9-a684-9cf732fa5e4d,oceania,35.2550085,174.1626731,Mid-range,3.0,4.0,5.0,4.0,2.0,3.0,3.0,2.0,4.0,Unknown,Unknown,121.87,Unknown,4.55,4.5,Unknown,333
Unknown,Unknown,Denmark,Aarhus,Unknown,Unknown,1767.5,1.5,4.5,0.0,Unknown,Unknown,"Charming streets lined with modern architecture and cozy cafes create a welcoming atmosphere, with a vibrant cultural scene that feels refreshingly authentic.",Unknown,0.1,Unknown,b5e5c850-d1b7-4e4e-a033-6d3ca99ec5f2,europe,56.1496278,10.2134046,Mid-range,4.0,2.0,3.0,3.0,3.0,4.0,3.0,4.0,3.0,Unknown,Unknown,121.87,Unknown,4.55,4.5,Unknown,191
Unknown,Unknown,Canada,Vancouver Island,Unknown,Unknown,1767.5,1.5,4.5,0.0,Unknown,Unknown,"Lush rainforests, rugged coastlines, and charming towns create an inviting atmosphere, perfect for outdoor adventures and tranquil moments by the sea.",Unknown,0.1,Unknown,698a9015-6471-435f-ba0b-7abe02719fc7,north_america,49.5929495,125.702557,Mid-range,3.0,4.0,5.0,4.0,2.0,3.0,4.0,2.0,4.0,Unknown,Unknown,121.87,Unknown,4.55,4.5,Unknown,362
Unknown,Unknown,Fiji,Savusavu,Unknown,Unknown,1767.5,1.5,4.5,0.0,Unknown,Unknown,"Tucked away on a tranquil bay, this tropical haven offers lush landscapes, warm ocean breezes, and a welcoming, laid-back island vibe.",Unknown,0.1,Unknown,91ace5e5-3303-4877-bc9d-7e024b7709f7,oceania,16.7802184,179.3328955,Mid-range,3.0,4.0,5.0,5.0,2.0,3.0,4.0,2.0,5.0,Unknown,Unknown,121.87,Unknown,4.55,4.5,Unknown,507
Unknown,Unknown,United Kingdom,Bristol,Unknown,Unknown,1767.5,1.5,4.5,0.0,Unknown,Unknown,Historic streets lined with vibrant street art and cozy pubs create a lively yet laid-back atmosphere perfect for leisurely exploration.,Unknown,0.1,Unknown,978b5150-6f7a-49df-948b-6100df026098,europe,51.4538022,2.5972985,Mid-range,4.0,3.0,3.0,2.0,4.0,4.0,3.0,4.0,2.0,Unknown,Unknown,121.87,Unknown,4.55,4.5,Unknown,305
Unknown,Unknown,Finland,Rovaniemi,Unknown,Unknown,1767.5,1.5,4.5,0.0,Unknown,Unknown,"Snow-draped forests, cozy log cabins, and the ethereal dance of the Northern Lights create a magical winter wonderland experience.",Unknown,0.1,Unknown,69490fbc-853e-444e-87e4-b746d4798476,europe,66.5025657,25.73122,Mid-range,3.0,4.0,5.0,1.0,2.0,3.0,3.0,2.0,4.0,Unknown,Unknown,121.87,Unknown,4.55,4.5,Unknown,441
Unknown,Unknown,Chile,Viña del Mar,Unknown,Unknown,1767.5,1.5,4.5,0.0,Unknown,Unknown,"Ocean breezes, golden beaches, and vibrant gardens create a laid-back vibe, perfect for leisurely strolls and soaking in coastal beauty.",Unknown,0.1,Unknown,b5c30c5f-7fb4-4604-9a99-400be0c251d8,south_america,33.0244535,71.5517636,Mid-range,3.0,3.0,4.0,4.0,4.0,4.0,3.0,4.0,2.0,Unknown,Unknown,121.87,Unknown,4.55,4.5,Unknown,409
Unknown,Unknown,New Zealand,Nelson,Unknown,Unknown,1767.5,1.5,4.5,0.0,Unknown,Unknown,"Sun-drenched coastal charm with vibrant markets and lush vineyards invites a laid-back exploration of art, nature, and local flavors.",Unknown,0.1,Unknown,f38b9348-e581-4de5-bafa-1efb5c28e458,oceania,41.2710849,173.2836756,Mid-range,3.0,4.0,5.0,3.0,2.0,3.0,3.0,3.0,4.0,Unknown,Unknown,121.87,Unknown,4.55,4.5,Unknown,462
Unknown,Unknown,Botswana,Maun,Unknown,Unknown,1767.5,1.5,4.5,0.0,Unknown,Unknown,"A gateway to the Okavango Delta, offering a serene blend of wildlife sounds, warm sunsets, and the gentle flow of the river.",Unknown,0.1,Unknown,778d28df-a4fa-4328-896e-4a9f80216fda,africa,19.9860951,23.4224352,Mid-range,3.0,5.0,5.0,1.0,2.0,3.0,3.0,2.0,4.0,Unknown,Unknown,121.87,Unknown,4.55,4.5,Unknown,40
Unknown,Unknown,Sweden,Gothenburg,Unknown,Unknown,1767.5,1.5,4.5,0.0,Unknown,Unknown,"A charming city with picturesque canals, lush parks, and a vibrant cultural scene, making every stroll feel both refreshing and inspiring.",Unknown,0.1,Unknown,44fb18eb-2641-46ab-b3fa-df6870ba3c74,europe,57.7072326,11.9670171,Mid-range,4.0,3.0,4.0,3.0,3.0,4.0,3.0,4.0,3.0,Unknown,Unknown,121.87,Unknown,4.55,4.5,Unknown,20
Unknown,Unknown,United Kingdom,Manchester,Unknown,Unknown,1767.5,1.5,4.5,0.0,Unknown,Unknown,"Industrial heritage meets modern creativity, where lively music scenes and diverse eateries fill the vibrant streets with energetic charm and cultural depth.",Unknown,0.1,Unknown,8c8c7203-2a45-44ba-9fb2-b5158104375e,europe,53.4794892,2.2451148,Mid-range,4.0,2.0,2.0,1.0,4.0,4.0,3.0,4.0,2.0,Unknown,Unknown,121.87,Unknown,4.55,4.5,Unknown,313
Unknown,Unknown,Denmark,Copenhagen,Unknown,Unknown,1767.5,1.5,4.5,0.0,Unknown,Unknown,"Charming canals, vibrant neighborhoods, and a seamless blend of modern design with historic architecture create a cozy yet dynamic atmosphere.",Unknown,0.1,Unknown,ba72b976-10f9-4415-a818-32cf17d8e649,europe,55.6867243,12.5700724,Mid-range,5.0,2.0,3.0,2.0,4.0,4.0,3.0,5.0,2.0,Unknown,Unknown,121.87,Unknown,4.55,4.5,Unknown,125
Unknown,Unknown,Bolivia,Sucre,Unknown,Unknown,1767.5,1.5,4.5,0.0,Unknown,Unknown,"Whitewashed colonial buildings, vibrant plazas, and a laid-back atmosphere invite you to wander cobblestone streets and soak in the rich history.",Unknown,0.1,Unknown,62caf451-c399-4d64-a770-1efd93a603ef,south_america,19.0477251,65.2594306,Budget,4.0,3.0,3.0,1.0,2.0,3.0,2.0,2.0,4.0,Unknown,Unknown,121.87,Unknown,4.55,4.5,Unknown,549
Unknown,Unknown,Unknown,Morocco,Unknown,Unknown,1767.5,1.5,4.5,0.0,Unknown,Unknown,Beach,Unknown,0.1,Unknown,Unknown,Unknown,34.8688613,58.3829448,Unknown,Unknown,Unknown,Unknown,Unknown,Unknown,Unknown,Unknown,Unknown,Unknown,Serene Temple,Africa,174.84,Summer,4.5,7.45,No,86
Unknown,Unknown,Unknown,Germany,Unknown,Unknown,1767.5,1.5,4.5,0.0,Unknown,Unknown,Religious,Unknown,0.1,Unknown,Unknown,Unknown,34.8688613,58.3829448,Unknown,Unknown,Unknown,Unknown,Unknown,Unknown,Unknown,Unknown,Unknown,Unknown,Sacred Valley,Europe,94.41,Summer,4.6,1.98,No,420
Unknown,Unknown,Unknown,South Africa,Unknown,Unknown,1767.5,1.5,4.5,0.0,Unknown,Unknown,Adventure,Unknown,0.1,Unknown,Unknown,Unknown,34.8688613,58.3829448,Unknown,Unknown,Unknown,Unknown,Unknown,Unknown,Unknown,Unknown,Unknown,Unknown,Serene Temple,Africa,228.96,Summer,4.7,0.7,Yes,73
Unknown,Unknown,Unknown,Australia,Unknown,Unknown,1767.5,1.5,4.5,0.0,Unknown,Unknown,Nature,Unknown,0.1,Unknown,Unknown,Unknown,34.8688613,58.3829448,Unknown,Unknown,Unknown,Unknown,Unknown,Unknown,Unknown,Unknown,Unknown,Unknown,Sacred Plaza,Oceania,120.96,Summer,4.3,2.24,No,389
Unknown,Unknown,Unknown,Mexico,Unknown,Unknown,1767.5,1.5,4.5,0.0,Unknown,Unknown,Adventure,Unknown,0.1,Unknown,Unknown,Unknown,34.8688613,58.3829448,Unknown,Unknown,Unknown,Unknown,Unknown,Unknown,Unknown,Unknown,Unknown,Unknown,Golden Ruins,North America,162.1,Spring,3.9,4.6,No,73
Unknown,Unknown,Unknown,Thailand,Unknown,Unknown,1767.5,1.5,4.5,0.0,Unknown,Unknown,Historical,Unknown,0.1,Unknown,Unknown,Unknown,34.8688613,58.3829448,Unknown,Unknown,Unknown,Unknown,Unknown,Unknown,Unknown,Unknown,Unknown,Unknown,Hidden Valley,Asia,190.82,Spring,4.0,1.83,Yes,307
Unknown,Unknown,Unknown,Spain,Unknown,Unknown,1767.5,1.5,4.5,0.0,Unknown,Unknown,Adventure,Unknown,0.1,Unknown,Unknown,Unknown,34.8688613,58.3829448,Unknown,Unknown,Unknown,Unknown,Unknown,Unknown,Unknown,Unknown,Unknown,Unknown,Hidden Park,Europe,104.6,Summer,4.1,4.83,No,73
Unknown,Unknown,Unknown,Brazil,Unknown,Unknown,1767.5,1.5,4.5,0.0,Unknown,Unknown,Beach,Unknown,0.1,Unknown,Unknown,Unknown,34.8688613,58.3829448,Unknown,Unknown,Unknown,Unknown,Unknown,Unknown,Unknown,Unknown,Unknown,Unknown,Grand Valley,South America,118.53,Autumn,4.7,5.39,No,86
Unknown,Unknown,Unknown,New Zealand,Unknown,Unknown,1767.5,1.5,4.5,0.0,Unknown,Unknown,Historical,Unknown,0.1,Unknown,Unknown,Unknown,34.8688613,58.3829448,Unknown,Unknown,Unknown,Unknown,Unknown,Unknown,Unknown,Unknown,Unknown,Unknown,Ancient Beach,Oceania,122.78,Spring,4.5,6.27,No,307
Unknown,Unknown,Unknown,Kenya,Unknown,Unknown,1767.5,1.5,4.5,0.0,Unknown,Unknown,City,Unknown,0.1,Unknown,Unknown,Unknown,34.8688613,58.3829448,Unknown,Unknown,Unknown,Unknown,Unknown,Unknown,Unknown,Unknown,Unknown,Unknown,Serene Valley,Africa,119.99,Spring,4.8,1.43,No,202
Unknown,Unknown,Unknown,China,Unknown,Unknown,1767.5,1.5,4.5,0.0,Unknown,Unknown,Historical,Unknown,0.1,Unknown,Unknown,Unknown,34.8688613,58.3829448,Unknown,Unknown,Unknown,Unknown,Unknown,Unknown,Unknown,Unknown,Unknown,Unknown,Hidden Ruins,Asia,119.91,Autumn,5.0,1.66,No,307
Unknown,Unknown,Unknown,Japan,Unknown,Unknown,1767.5,1.5,4.5,0.0,Unknown,Unknown,Historical,Unknown,0.1,Unknown,Unknown,Unknown,34.8688613,58.3829448,Unknown,Unknown,Unknown,Unknown,Unknown,Unknown,Unknown,Unknown,Unknown,Unknown,Ancient Park,Asia,123.32,Winter,4.5,9.14,No,307
Unknown,Unknown,Unknown,Italy,Unknown,Unknown,1767.5,1.5,4.5,0.0,Unknown,Unknown,Historical,Unknown,0.1,Unknown,Unknown,Unknown,34.8688613,58.3829448,Unknown,Unknown,Unknown,Unknown,Unknown,Unknown,Unknown,Unknown,Unknown,Unknown,Serene Park,Europe,186.92,Autumn,4.6,1.34,Yes,307
Unknown,Unknown,Unknown,Peru,Unknown,Unknown,1767.5,1.5,4.5,0.0,Unknown,Unknown,City,Unknown,0.1,Unknown,Unknown,Unknown,34.8688613,58.3829448,Unknown,Unknown,Unknown,Unknown,Unknown,Unknown,Unknown,Unknown,Unknown,Unknown,Lush Ruins,South America,99.55,Autumn,4.0,3.08,No,202
Unknown,Unknown,Unknown,Vietnam,Unknown,Unknown,1767.5,1.5,4.5,0.0,Unknown,Unknown,Beach,Unknown,0.1,Unknown,Unknown,Unknown,34.8688613,58.3829448,Unknown,Unknown,Unknown,Unknown,Unknown,Unknown,Unknown,Unknown,Unknown,Unknown,Mystic Ruins,Asia,116.15,Summer,4.7,0.55,No,86
Unknown,Unknown,Unknown,India,Unknown,Unknown,1767.5,1.5,4.5,0.0,Unknown,Unknown,Beach,Unknown,0.1,Unknown,Unknown,Unknown,34.8688613,58.3829448,Unknown,Unknown,Unknown,Unknown,Unknown,Unknown,Unknown,Unknown,Unknown,Unknown,Mystic Forest,Asia,94.68,Spring,4.1,7.43,No,86
Unknown,Unknown,Unknown,Greece,Unknown,Unknown,1767.5,1.5,4.5,0.0,Unknown,Unknown,Religious,Unknown,0.1,Unknown,Unknown,Unknown,34.8688613,58.3829448,Unknown,Unknown,Unknown,Unknown,Unknown,Unknown,Unknown,Unknown,Unknown,Unknown,Sacred Park,Europe,191.74,Spring,4.6,4.99,No,420
Unknown,Unknown,Unknown,Canada,Unknown,Unknown,1767.5,1.5,4.5,0.0,Unknown,Unknown,City,Unknown,0.1,Unknown,Unknown,Unknown,34.8688613,58.3829448,Unknown,Unknown,Unknown,Unknown,Unknown,Unknown,Unknown,Unknown,Unknown,Unknown,Sacred Forest,North America,168.08,Spring,4.3,7.73,No,202
Unknown,Unknown,Unknown,France,Unknown,Unknown,1767.5,1.5,4.5,0.0,Unknown,Unknown,Nature,Unknown,0.1,Unknown,Unknown,Unknown,34.8688613,58.3829448,Unknown,Unknown,Unknown,Unknown,Unknown,Unknown,Unknown,Unknown,Unknown,Unknown,Ancient Falls,Europe,224.77,Spring,4.6,5.19,No,389
Unknown,Unknown,Unknown,Argentina,Unknown,Unknown,1767.5,1.5,4.5,0.0,Unknown,Unknown,City,Unknown,0.1,Unknown,Unknown,Unknown,34.8688613,58.3829448,Unknown,Unknown,Unknown,Unknown,Unknown,Unknown,Unknown,Unknown,Unknown,Unknown,Ancient Valley,South America,30.0,Summer,4.7,0.74,Yes,202
Unknown,Unknown,Unknown,USA,Unknown,Unknown,1767.5,1.5,4.5,0.0,Unknown,Unknown,Historical,Unknown,0.1,Unknown,Unknown,Unknown,34.8688613,58.3829448,Unknown,Unknown,Unknown,Unknown,Unknown,Unknown,Unknown,Unknown,Unknown,Unknown,Sacred Temple,North America,139.02,Autumn,4.6,4.4,No,307
Unknown,Unknown,Unknown,Egypt,Unknown,Unknown,1767.5,1.5,4.5,0.0,Unknown,Unknown,Religious,Unknown,0.1,Unknown,Unknown,Unknown,34.8688613,58.3829448,Unknown,Unknown,Unknown,Unknown,Unknown,Unknown,Unknown,Unknown,Unknown,Unknown,Sacred Canyon,Africa,110.84,Summer,4.4,9.28,No,420
